"","omitted","month","ATT","CI.lower","CI.upper"
"1","FR81",-36,0.0490716566093608,-0.442306688470391,0.540450001689112
"2","FR5",-36,-0.0520242012215528,-0.539473603584341,0.435425201141235
"3","FR77",-36,0.0640872266018638,-0.431836874125622,0.560011327329349
"4","FR32",-36,0.0597103621650527,-0.417941588911012,0.537362313241118
"5","FR25",-36,0.0549524971494589,-0.422498691843638,0.532403686142556
"6","FR47",-36,0.0677131624254624,-0.420759929846669,0.556186254697593
"7","FR18",-36,0.0541929102622682,-0.422553464327409,0.530939284851946
"8","FR40",-36,0.0935351393893446,-0.405269948180151,0.59234022695884
"9","FR41",-36,0.0547260433010868,-0.421958734557992,0.531410821160166
"10","FR21",-36,0.00675723692599167,-0.505751282771225,0.519265756623208
"11","FR29",-36,0.0685058461227345,-0.419905200874063,0.556916893119532
"12","FR76",-36,0.0520077247538976,-0.459661700590519,0.563677150098315
"13","FR38",-36,0.0526587954684562,-0.426567246550835,0.531884837487748
"14","FR89",-36,0.0552436493849074,-0.425525752004536,0.536013050774351
"15","FR23",-36,0.0519327369706889,-0.43977333239087,0.543638806332247
"16","FR7",-36,0.0641813993937719,-0.414651102471896,0.54301390125944
"17","FR13",-36,0.106336777825342,-0.393662270148453,0.606335825799136
"18","FR91",-36,0.103829376342316,-0.390075431076614,0.597734183761245
"19","FR92",-36,0.019665151860363,-0.468820073402748,0.508150377123474
"20","FR81",-35,-0.286606851634892,-0.784894886638773,0.211681183368988
"21","FR5",-35,-0.267803029452291,-0.757156285066607,0.221550226162025
"22","FR77",-35,-0.274205823772466,-0.768147001293351,0.219735353748419
"23","FR32",-35,-0.230215259120135,-0.715899427498275,0.255468909258004
"24","FR25",-35,-0.263095667322494,-0.744217558209666,0.218026223564677
"25","FR47",-35,-0.275307602798351,-0.762640132826391,0.212024927229688
"26","FR18",-35,-0.267921945499647,-0.750007558108749,0.214163667109455
"27","FR40",-35,-0.253444004236797,-0.739278240962476,0.232390232488881
"28","FR41",-35,-0.254218598388683,-0.739851234470712,0.231414037693345
"29","FR21",-35,-0.226353539708783,-0.746626970609522,0.293919891191957
"30","FR29",-35,-0.258583270806374,-0.742096932699545,0.224930391086797
"31","FR76",-35,-0.275171958253104,-0.760166917606315,0.209823001100108
"32","FR38",-35,-0.251155243361893,-0.734107134129325,0.23179664740554
"33","FR89",-35,-0.318398176108552,-0.821104422563504,0.1843080703464
"34","FR23",-35,-0.273900445730649,-0.764777933456708,0.216977041995411
"35","FR7",-35,-0.205052706887805,-0.695206043178579,0.28510062940297
"36","FR13",-35,-0.207180472158081,-0.705353792890632,0.290992848574471
"37","FR91",-35,-0.374809530414737,-0.880098166030502,0.130479105201027
"38","FR92",-35,-0.244157559743194,-0.733680648318426,0.245365528832037
"39","FR81",-34,0.0329808988192798,-0.427901503930028,0.493863301568588
"40","FR5",-34,0.0344158151177267,-0.420956769948199,0.489788400183652
"41","FR77",-34,0.0228367180302752,-0.43711491447945,0.48278835054
"42","FR32",-34,0.0355904794473623,-0.414323326692849,0.485504285587574
"43","FR25",-34,0.0247860799639631,-0.423452077639134,0.47302423756706
"44","FR47",-34,0.0314606887088014,-0.431939526694287,0.49486090411189
"45","FR18",-34,0.0259149608731712,-0.421482868227607,0.47331278997395
"46","FR40",-34,0.0476763738082698,-0.405906593147456,0.501259340763996
"47","FR41",-34,0.0294797244700414,-0.419257620382392,0.478217069322475
"48","FR21",-34,-0.0891557604268085,-0.581895255582135,0.403583734728518
"49","FR29",-34,-0.00370994299053097,-0.458072585856362,0.4506526998753
"50","FR76",-34,0.0187081829904414,-0.433391405257953,0.470807771238836
"51","FR38",-34,0.0135904831474231,-0.444966232722361,0.472147199017208
"52","FR89",-34,0.0219541827088508,-0.484073573304731,0.527981938722433
"53","FR23",-34,0.0344679305025957,-0.419527667676938,0.48846352868213
"54","FR7",-34,0.0411408548077027,-0.409607506519863,0.491889216135269
"55","FR13",-34,0.0511019701050014,-0.401607683138228,0.503811623348231
"56","FR91",-34,0.0215390150809913,-0.440759203760881,0.483837233922864
"57","FR92",-34,0.0688091731097237,-0.38612709788319,0.523745444102638
"58","FR81",-33,-0.0936592179796672,-0.658490877161752,0.471172441202417
"59","FR5",-33,-0.150031701551306,-0.70445671338485,0.404393310282238
"60","FR77",-33,-0.106814665078763,-0.664939406293763,0.451310076136237
"61","FR32",-33,-0.0993243612180807,-0.64652028319515,0.447871560758988
"62","FR25",-33,-0.0999374311475588,-0.649853099206736,0.449978236911618
"63","FR47",-33,-0.0933853936184172,-0.655435962143897,0.468665174907062
"64","FR18",-33,-0.100550151018032,-0.651713511099612,0.450613209063548
"65","FR40",-33,-0.115895743836236,-0.675999512040626,0.444208024368153
"66","FR41",-33,-0.0876964265247093,-0.643965818569206,0.468572965519787
"67","FR21",-33,-0.0801803939418646,-0.641984736740209,0.48162394885648
"68","FR29",-33,-0.102906707260421,-0.655710635515771,0.449897220994929
"69","FR76",-33,-0.136179690054304,-0.711720017830217,0.439360637721609
"70","FR38",-33,-0.0502537305772563,-0.62930157075595,0.528794109601437
"71","FR89",-33,-0.096616793295925,-0.681920396312262,0.488686809720412
"72","FR23",-33,-0.099290911292127,-0.649436455141705,0.450854632557451
"73","FR7",-33,-0.0593744508217547,-0.612932584287232,0.494183682643723
"74","FR13",-33,-0.0682099092291382,-0.643327858943724,0.506908040485448
"75","FR91",-33,-0.0743944060594196,-0.638776890540704,0.489988078421865
"76","FR92",-33,-0.126772810946842,-0.680013109925766,0.426467488032081
"77","FR81",-32,0.0562077790695014,-0.398219918931714,0.510635477070717
"78","FR5",-32,0.0846737248232486,-0.373608567877115,0.542956017523612
"79","FR77",-32,0.0209611109892332,-0.456906236548958,0.498828458527425
"80","FR32",-32,0.0445405759795584,-0.400347249480488,0.489428401439604
"81","FR25",-32,0.0454930508269385,-0.400900852848241,0.491886954502118
"82","FR47",-32,0.0384516657707107,-0.407973698857501,0.484877030398922
"83","FR18",-32,0.0453368058128724,-0.399007635583525,0.48968124720927
"84","FR40",-32,0.0506154679296078,-0.398115764087415,0.49934669994663
"85","FR41",-32,0.0481002662651102,-0.396258161048224,0.492458693578445
"86","FR21",-32,0.227900520463334,-0.27896723694306,0.734768277869728
"87","FR29",-32,0.0594464203226459,-0.40693888757287,0.525831728218162
"88","FR76",-32,0.043705349927597,-0.413013466213359,0.500424166068553
"89","FR38",-32,0.0591501710931152,-0.392759478772011,0.511059820958242
"90","FR89",-32,0.0596983803348633,-0.397500037143587,0.516896797813314
"91","FR23",-32,0.0486685496488734,-0.396363588205719,0.493700687503466
"92","FR7",-32,-0.00208023876413838,-0.451766291634401,0.447605814106125
"93","FR13",-32,0.0506881446239533,-0.398590888657672,0.499967177905578
"94","FR91",-32,-0.138813373176388,-0.612573787286845,0.334947040934069
"95","FR92",-32,0.046547346154939,-0.398695721698181,0.491790414008059
"96","FR81",-31,0.293877331925337,-0.230282401374688,0.818037065225362
"97","FR5",-31,0.446042579755729,-0.0179806629748034,0.910065822486261
"98","FR77",-31,0.478048428453312,0.00847463906712814,0.947622217839497
"99","FR32",-31,0.457947427849227,-0.000368818796044557,0.916263674494499
"100","FR25",-31,0.461400873519666,-0.0027478806030225,0.925549627642355
"101","FR47",-31,0.45396302017922,-0.00421351373177198,0.912139554090212
"102","FR18",-31,0.445976802924051,-0.0107985484330778,0.902752154281181
"103","FR40",-31,0.472911998811801,0.0133559389460519,0.93246805867755
"104","FR41",-31,0.449543827136706,-0.00769327835417205,0.906780932627584
"105","FR21",-31,0.543423533408638,0.0626181051159742,1.0242289617013
"106","FR29",-31,0.480156110650939,0.0144074454976605,0.945904775804219
"107","FR76",-31,0.470753233676707,-0.00934138609536989,0.950847853448784
"108","FR38",-31,0.475914314533907,0.0129026463720612,0.938925982695752
"109","FR89",-31,0.460905427745172,-0.00452005678657552,0.92633091227692
"110","FR23",-31,0.470011858462439,0.00743203000290582,0.932591686921973
"111","FR7",-31,0.452730131866721,-0.00752353023765945,0.912983793971101
"112","FR13",-31,0.332511997137817,-0.133035941624252,0.798059935899887
"113","FR91",-31,0.286763174476531,-0.184290611032494,0.757816959985557
"114","FR92",-31,0.458088791761635,-0.00144131067672454,0.917618894199994
"115","FR81",-30,0.17539892285938,-0.249851908093821,0.600649753812581
"116","FR5",-30,0.0773915773301619,-0.343275811294727,0.49805896595505
"117","FR77",-30,0.166906249683433,-0.263353281332878,0.597165780699743
"118","FR32",-30,0.158073577301454,-0.250463670814694,0.566610825417603
"119","FR25",-30,0.153315225226217,-0.256118162645352,0.562748613097787
"120","FR47",-30,0.151983021241225,-0.26008213993022,0.564048182412671
"121","FR18",-30,0.153553104005452,-0.251598511273709,0.558704719284613
"122","FR40",-30,0.0845852285285234,-0.332195231597728,0.501365688654775
"123","FR41",-30,0.152707361824142,-0.252522637062427,0.557937360710711
"124","FR21",-30,0.10473943612532,-0.317421356549606,0.526900228800245
"125","FR29",-30,0.203827820173672,-0.22196003941279,0.629615679760134
"126","FR76",-30,0.152824440206503,-0.266041310427509,0.571690190840515
"127","FR38",-30,0.173974401454178,-0.236746510277649,0.584695313186005
"128","FR89",-30,0.193747905106807,-0.242498419179919,0.629994229393532
"129","FR23",-30,0.159308416118079,-0.248476346488948,0.567093178725106
"130","FR7",-30,0.179990358703638,-0.231362576858794,0.591343294266069
"131","FR13",-30,0.162554552718623,-0.249182273210305,0.574291378647551
"132","FR91",-30,0.134729174567713,-0.285023316760027,0.554481665895453
"133","FR92",-30,0.178706933301345,-0.229392223211498,0.586806089814187
"134","FR81",-29,-0.148954621890672,-0.605395295046528,0.307486051265183
"135","FR5",-29,-0.113826290746353,-0.556860560295896,0.329207978803191
"136","FR77",-29,-0.162597140433663,-0.629799719364952,0.304605438497627
"137","FR32",-29,-0.14655089688233,-0.579764790815181,0.286662997050522
"138","FR25",-29,-0.165369779240977,-0.601725149744114,0.27098559126216
"139","FR47",-29,-0.157468176603217,-0.6001730092198,0.285236656013366
"140","FR18",-29,-0.153318852276759,-0.585798657054737,0.279160952501218
"141","FR40",-29,-0.191597022566278,-0.627691518411134,0.244497473278577
"142","FR41",-29,-0.149339857633095,-0.581605849315803,0.282926134049613
"143","FR21",-29,-0.131771274993226,-0.572241472760686,0.308698922774233
"144","FR29",-29,-0.154590863642243,-0.62666781219656,0.317486084912075
"145","FR76",-29,-0.156468773095495,-0.593813272660375,0.280875726469384
"146","FR38",-29,-0.148489570280574,-0.587856206037623,0.290877065476475
"147","FR89",-29,-0.213435059676925,-0.657854050421985,0.230983931068136
"148","FR23",-29,-0.15138272208647,-0.590559629602147,0.287794185429207
"149","FR7",-29,-0.106817361480708,-0.546967626420463,0.333332903459047
"150","FR13",-29,-0.168445055032527,-0.607796682624671,0.270906572559618
"151","FR91",-29,-0.120352061000653,-0.570066770951253,0.329362648949947
"152","FR92",-29,-0.166053904331511,-0.60576968753599,0.273661878872968
"153","FR81",-28,0.0904605751154755,-0.283593225486983,0.464514375717934
"154","FR5",-28,0.114321668842771,-0.258295936351321,0.486939274036863
"155","FR77",-28,0.0905118163100449,-0.290190145893839,0.471213778513929
"156","FR32",-28,0.0903539022972649,-0.27538831491217,0.4560961195067
"157","FR25",-28,0.0862370412561742,-0.280093382453376,0.452567464965724
"158","FR47",-28,0.0948607689736194,-0.274269062140589,0.463990600087828
"159","FR18",-28,0.0877256007584216,-0.278439018690224,0.453890220207068
"160","FR40",-28,0.140252191126346,-0.236318872444637,0.516823254697328
"161","FR41",-28,0.10246331141866,-0.268279155123178,0.473205777960498
"162","FR21",-28,0.121725481133632,-0.255452221702225,0.498903183969489
"163","FR29",-28,0.126935676960312,-0.256154616931307,0.51002597085193
"164","FR76",-28,0.0766689646447756,-0.33416828494569,0.487506214235241
"165","FR38",-28,0.0519350731832703,-0.316649349609351,0.420519495975891
"166","FR89",-28,0.124056131650339,-0.258010505209708,0.506122768510385
"167","FR23",-28,0.0860316368901158,-0.288529129437303,0.460592403217535
"168","FR7",-28,0.0464154736903686,-0.322095859050116,0.414926806430853
"169","FR13",-28,0.084398718505852,-0.287915596927342,0.456713033939046
"170","FR91",-28,-0.0172335421556506,-0.393787636255375,0.359320551944073
"171","FR92",-28,0.0801061790800759,-0.285870853457735,0.446083211617887
"172","FR81",-27,0.333044809111929,-0.114687320995744,0.780776939219603
"173","FR5",-27,0.227025095174658,-0.21056366965121,0.664613860000526
"174","FR77",-27,0.311049040374941,-0.121504008599586,0.743602089349468
"175","FR32",-27,0.25842903534409,-0.168556542190104,0.685414612878285
"176","FR25",-27,0.292490624998077,-0.133945385885016,0.718926635881171
"177","FR47",-27,0.291892501393305,-0.139419054708699,0.723204057495309
"178","FR18",-27,0.293668940836647,-0.132496674404499,0.719834556077793
"179","FR40",-27,0.303976379446864,-0.135299208827395,0.743251967721123
"180","FR41",-27,0.298837891216316,-0.127539084351031,0.725214866783664
"181","FR21",-27,0.175786522756478,-0.267055266873216,0.618628312386173
"182","FR29",-27,0.345265400635821,-0.0999974116533637,0.790528212925005
"183","FR76",-27,0.310915554027929,-0.138479478611175,0.760310586667032
"184","FR38",-27,0.295609802162236,-0.142276234328907,0.733495838653379
"185","FR89",-27,0.303692940654304,-0.133147385178963,0.740533266487572
"186","FR23",-27,0.300977308081774,-0.139831135232071,0.741785751395618
"187","FR7",-27,0.3889522494668,-0.0433346121855397,0.82123911111914
"188","FR13",-27,0.193907052415427,-0.243265124809009,0.631079229639862
"189","FR91",-27,0.267244265564176,-0.178075282336515,0.712563813464866
"190","FR92",-27,0.352378489231914,-0.0780895998608818,0.78284657832471
"191","FR81",-26,0.0664645458003442,-0.393895356321648,0.526824447922337
"192","FR5",-26,0.0496079327206177,-0.405306110698761,0.504521976139996
"193","FR77",-26,0.0516741379966736,-0.424653132982095,0.528001408975442
"194","FR32",-26,0.0287971249400358,-0.425251587655035,0.482845837535106
"195","FR25",-26,0.0454505555358407,-0.406075041491723,0.496976152563404
"196","FR47",-26,0.0523221481738641,-0.409262395588569,0.513906691936297
"197","FR18",-26,0.0444222531583597,-0.408901603316137,0.497746109632856
"198","FR40",-26,0.0124739596763023,-0.45525511358667,0.480203032939274
"199","FR41",-26,0.0283445666053295,-0.427547290165692,0.484236423376351
"200","FR21",-26,0.0516511016771088,-0.409436236906879,0.512738440261097
"201","FR29",-26,0.0362609546166133,-0.423140133728079,0.495662042961306
"202","FR76",-26,0.0510673553348565,-0.41645493833611,0.518589649005823
"203","FR38",-26,0.0702550505057894,-0.389894160268473,0.530404261280052
"204","FR89",-26,0.0157112966420186,-0.46810314868731,0.499525741971347
"205","FR23",-26,0.0328870840742123,-0.429804011852875,0.4955781800013
"206","FR7",-26,0.0135745544825144,-0.445634849370355,0.472783958335384
"207","FR13",-26,0.0694286382317054,-0.421648166406197,0.560505442869608
"208","FR91",-26,0.0444836573618551,-0.419626160743653,0.508593475467363
"209","FR92",-26,0.0790641304950188,-0.376651363117862,0.5347796241079
"210","FR81",-25,-0.142416640750952,-0.60570438448327,0.320871102981367
"211","FR5",-25,-0.0976492274369686,-0.567866631720133,0.372568176846196
"212","FR77",-25,-0.18776715748352,-0.663013887585307,0.287479572618267
"213","FR32",-25,-0.138745808770884,-0.595427715680834,0.317936098139067
"214","FR25",-25,-0.154077731709945,-0.610334204611316,0.302178741191425
"215","FR47",-25,-0.15328036001077,-0.620258862205028,0.313698142183488
"216","FR18",-25,-0.15349000916579,-0.610222588658304,0.303242570326725
"217","FR40",-25,-0.0987289200506758,-0.571357521663651,0.373899681562299
"218","FR41",-25,-0.166674289665727,-0.625325651851285,0.29197707251983
"219","FR21",-25,-0.12805116140434,-0.599064392479905,0.342962069671226
"220","FR29",-25,-0.108574128385073,-0.577166447307743,0.360018190537597
"221","FR76",-25,-0.166747665864025,-0.642444249673315,0.308948917945266
"222","FR38",-25,-0.12103667057097,-0.59208848022096,0.350015139079019
"223","FR89",-25,-0.158013216324117,-0.620232334795223,0.304205902146989
"224","FR23",-25,-0.152043742177282,-0.612703109722849,0.308615625368286
"225","FR7",-25,-0.0578386050540149,-0.520459793062716,0.404782582954686
"226","FR13",-25,-0.186392034648367,-0.664609643067729,0.291825573770996
"227","FR91",-25,-0.325023054866497,-0.80629143573589,0.156245326002895
"228","FR92",-25,-0.208569487430095,-0.672420322339931,0.255281347479741
"229","FR81",-24,0.276608347099115,-0.210114965767361,0.76333165996559
"230","FR5",-24,0.275920527041173,-0.208386467526023,0.760227521608368
"231","FR77",-24,0.276873620547167,-0.216921291079275,0.770668532173609
"232","FR32",-24,0.279727125184453,-0.193025502077969,0.752479752446876
"233","FR25",-24,0.254987111533142,-0.214925218925445,0.724899441991729
"234","FR47",-24,0.273398800682253,-0.202637248891477,0.749434850255983
"235","FR18",-24,0.258032661058268,-0.212949450098985,0.72901477221552
"236","FR40",-24,0.260798996082488,-0.212505634963659,0.734103627128634
"237","FR41",-24,0.251401598476263,-0.220840069156218,0.723643266108745
"238","FR21",-24,0.212391520850619,-0.275810937419411,0.700593979120648
"239","FR29",-24,0.290666087870514,-0.196210664875611,0.777542840616639
"240","FR76",-24,0.275531227322882,-0.228409201295141,0.779471655940905
"241","FR38",-24,0.271178418163427,-0.200528885138728,0.742885721465582
"242","FR89",-24,0.271499139516632,-0.210419015296833,0.753417294330097
"243","FR23",-24,0.252680193294112,-0.227805605180155,0.733165991768379
"244","FR7",-24,0.120694279418787,-0.353938576158723,0.595327134996297
"245","FR13",-24,0.27029759785208,-0.20860311373898,0.74919830944314
"246","FR91",-24,0.387998484792236,-0.108970015354566,0.884966984939038
"247","FR92",-24,0.0724808797064314,-0.421278873385454,0.566240632798316
"248","FR81",-23,-0.0375619404295795,-0.531983508971454,0.456859628112295
"249","FR5",-23,-0.0159571480106971,-0.52356410028862,0.491649804267226
"250","FR77",-23,-0.0554316287139266,-0.553510680797218,0.442647423369365
"251","FR32",-23,-0.0698498790838498,-0.561433354185888,0.421733596018188
"252","FR25",-23,-0.0521959129306586,-0.541255005948601,0.436863180087284
"253","FR47",-23,-0.0598842996649695,-0.553403313338718,0.433634714008779
"254","FR18",-23,-0.0477955089745012,-0.538071858831895,0.442480840882892
"255","FR40",-23,-0.146477010404516,-0.651627406766862,0.358673385957829
"256","FR41",-23,-0.039501670122155,-0.53072393122577,0.45172059098146
"257","FR21",-23,-0.0365524021500459,-0.539589156046056,0.466484351745964
"258","FR29",-23,-0.0106954530980878,-0.521711653352654,0.500320747156479
"259","FR76",-23,-0.0684127716690245,-0.570335859933855,0.433510316595806
"260","FR38",-23,-0.110617248874756,-0.605465647756554,0.384231150007042
"261","FR89",-23,-0.0926302677881815,-0.610484318271146,0.425223782694783
"262","FR23",-23,-0.053297591880915,-0.545348903537523,0.438753719775693
"263","FR7",-23,-0.0277022721639535,-0.554413545899852,0.499009001571945
"264","FR13",-23,-0.00250769281632502,-0.502885569188868,0.497870183556218
"265","FR91",-23,0.00547879122358506,-0.521300555509535,0.532258137956705
"266","FR92",-23,-0.071134257137019,-0.565614116695817,0.423345602421779
"267","FR81",-22,0.0761322989674411,-0.436313513787402,0.588578111722284
"268","FR5",-22,0.085637268023473,-0.429406025282117,0.600680561329063
"269","FR77",-22,0.0961962425237224,-0.429696416719639,0.622088901767083
"270","FR32",-22,0.0746876673951173,-0.430882732714278,0.580258067504512
"271","FR25",-22,0.0888223165031659,-0.414628662703593,0.592273295709925
"272","FR47",-22,0.0741691841832968,-0.441335075340002,0.589673443706595
"273","FR18",-22,0.0885974867618743,-0.418093890485167,0.595288864008916
"274","FR40",-22,0.146116899966397,-0.376030218331369,0.668264018264163
"275","FR41",-22,0.102798151746412,-0.41125889106339,0.616855194556213
"276","FR21",-22,-0.00665082140053741,-0.537687715738403,0.524386072937329
"277","FR29",-22,0.12163315770734,-0.409109502945641,0.652375818360321
"278","FR76",-22,0.099613293407288,-0.418147727648847,0.617374314463423
"279","FR38",-22,0.107379968743541,-0.403160782895039,0.617920720382121
"280","FR89",-22,0.0929539155004231,-0.419486753593759,0.605394584594605
"281","FR23",-22,0.0849772419110428,-0.423677864070542,0.593632347892628
"282","FR7",-22,0.0849968283520047,-0.425713165821889,0.595706822525898
"283","FR13",-22,0.0804985624738577,-0.440639067197935,0.60163619214565
"284","FR91",-22,0.0203855972247082,-0.51727013552928,0.558041329978696
"285","FR92",-22,0.14325437204266,-0.370715313321942,0.657224057407262
"286","FR81",-21,0.0648740786888666,-0.472495660373974,0.602243817751707
"287","FR5",-21,0.0536373351382706,-0.464355736877131,0.571630407153672
"288","FR77",-21,0.0711881949933945,-0.474875164035523,0.617251554022312
"289","FR32",-21,0.0701952293975688,-0.445636616907784,0.586027075702922
"290","FR25",-21,0.0578375029106485,-0.457136751123283,0.57281175694458
"291","FR47",-21,0.0545238109128841,-0.468361950776031,0.577409572601799
"292","FR18",-21,0.0574976407328064,-0.458537186484645,0.573532467950258
"293","FR40",-21,0.0163614405358063,-0.511484506720259,0.544207387791871
"294","FR41",-21,0.0350589117713608,-0.486835627505493,0.556953451048215
"295","FR21",-21,0.0376924393628932,-0.490463097941561,0.565847976667347
"296","FR29",-21,0.00875669871192225,-0.519383828964237,0.536897226388082
"297","FR76",-21,0.0601038900613014,-0.47468671403175,0.594894494154353
"298","FR38",-21,0.0389426204321783,-0.480547671205748,0.558432912070105
"299","FR89",-21,0.0604707590226795,-0.461001784825921,0.58194330287128
"300","FR23",-21,0.0579369166690612,-0.460281048657766,0.576154881995888
"301","FR7",-21,0.0969178823780137,-0.442929109599339,0.636764874355366
"302","FR13",-21,0.0465400156669751,-0.488455543291263,0.581535574625213
"303","FR91",-21,0.105043030672529,-0.43131415691075,0.641400218255808
"304","FR92",-21,0.0585629609128844,-0.465414093981704,0.582540015807473
"305","FR81",-20,-0.163690101052301,-0.704671079907689,0.377290877803087
"306","FR5",-20,-0.0878378029912421,-0.626491333690449,0.450815727707964
"307","FR77",-20,-0.145187832685312,-0.718322321427218,0.427946656056595
"308","FR32",-20,-0.113814775435562,-0.648737614635731,0.421108063764606
"309","FR25",-20,-0.122342209217534,-0.658479451177692,0.413795032742625
"310","FR47",-20,-0.119842133953704,-0.668752941880649,0.429068673973241
"311","FR18",-20,-0.136705056873677,-0.674792882963656,0.401382769216301
"312","FR40",-20,-0.0908477218830375,-0.654830741232952,0.473135297466877
"313","FR41",-20,-0.133047645976244,-0.673225678832186,0.407130386879698
"314","FR21",-20,-0.0825502386394477,-0.635120308467353,0.470019831188457
"315","FR29",-20,-0.168120823300625,-0.718467509542101,0.38222586294085
"316","FR76",-20,-0.117176567035389,-0.659624705533581,0.425271571462803
"317","FR38",-20,-0.0804296016273075,-0.62167465830442,0.460815455049805
"318","FR89",-20,-0.115741826220948,-0.659200634451876,0.427716982009979
"319","FR23",-20,-0.106785584014692,-0.648324499568792,0.434753331539409
"320","FR7",-20,-0.171806420013115,-0.716443148251158,0.372830308224928
"321","FR13",-20,-0.115482356799556,-0.712774281720853,0.481809568121741
"322","FR91",-20,-0.0850284986660454,-0.643178100424603,0.473121103092512
"323","FR92",-20,-0.110157834763643,-0.649020831867493,0.428705162340207
"324","FR81",-19,-0.219927559263635,-0.739114430003562,0.299259311476291
"325","FR5",-19,-0.126213887120859,-0.665193110041667,0.412765335799948
"326","FR77",-19,-0.231428496299337,-0.755544530218137,0.292687537619464
"327","FR32",-19,-0.190256043027314,-0.702902904898971,0.322390818844344
"328","FR25",-19,-0.208831447264689,-0.718690160836675,0.301027266307298
"329","FR47",-19,-0.198851826265919,-0.725417363877081,0.327713711345242
"330","FR18",-19,-0.20479801092102,-0.713418649086534,0.303822627244495
"331","FR40",-19,-0.208144898082688,-0.722633775549124,0.306343979383748
"332","FR41",-19,-0.211866055751856,-0.72085916712085,0.297127055617138
"333","FR21",-19,-0.19016338376497,-0.713622172689893,0.333295405159953
"334","FR29",-19,-0.219647093861635,-0.743950268734638,0.304656081011368
"335","FR76",-19,-0.203878618547005,-0.721424551387676,0.313667314293666
"336","FR38",-19,-0.19509642493974,-0.710163571854511,0.319970721975032
"337","FR89",-19,-0.213462488096481,-0.735788544295905,0.308863568102943
"338","FR23",-19,-0.209954155461992,-0.723510672863472,0.303602361939487
"339","FR7",-19,-0.205560913618604,-0.734837410245025,0.323715583007818
"340","FR13",-19,-0.157009244060739,-0.679153287786756,0.365134799665277
"341","FR91",-19,-0.168121837847718,-0.708112845027966,0.371869169332531
"342","FR92",-19,-0.338621621520935,-0.882584235184472,0.205340992142603
"343","FR81",-18,0.0993928094728584,-0.390103533039118,0.588889151984835
"344","FR5",-18,0.0838808951599747,-0.39399421322095,0.561756003540899
"345","FR77",-18,0.0718146234002507,-0.415958328415638,0.55958757521614
"346","FR32",-18,0.0269827309283081,-0.44659522571703,0.500560687573646
"347","FR25",-18,0.0575670436820502,-0.412209489265388,0.527343576629488
"348","FR47",-18,0.0404525122015527,-0.441678335595062,0.522583359998168
"349","FR18",-18,0.0575975665060576,-0.411996542327931,0.527191675340046
"350","FR40",-18,0.0693461021177348,-0.408020305542928,0.546712509778398
"351","FR41",-18,0.0577653479272489,-0.412160756591705,0.527691452446203
"352","FR21",-18,0.0801824857610705,-0.398804463616876,0.559169435139017
"353","FR29",-18,-0.179530058976724,-0.708725952998656,0.349665835045207
"354","FR76",-18,0.0597519778409279,-0.422870949056577,0.542374904738433
"355","FR38",-18,0.0809627563284581,-0.391600593348801,0.553526106005717
"356","FR89",-18,0.0644202653967338,-0.418877320343628,0.547717851137096
"357","FR23",-18,0.0380144171715865,-0.44461055084299,0.520639385186163
"358","FR7",-18,0.150162145341745,-0.33625978767474,0.636584078358229
"359","FR13",-18,0.037824407775205,-0.446352660742422,0.522001476292832
"360","FR91",-18,0.113690599409651,-0.374978468772819,0.602359667592122
"361","FR92",-18,0.0338319881891431,-0.441210973224608,0.508874949602894
"362","FR81",-17,-0.022080229645,-0.511619533953243,0.467459074663243
"363","FR5",-17,-0.0428682626495113,-0.52544536790677,0.439708842607747
"364","FR77",-17,-0.0335376452849022,-0.520406423060117,0.453331132490312
"365","FR32",-17,-0.0188775421993875,-0.502155286665815,0.46440020226704
"366","FR25",-17,-0.0403149599687156,-0.519257914083249,0.438627994145818
"367","FR47",-17,-0.0406478361007403,-0.536724299175132,0.455428626973651
"368","FR18",-17,-0.0357561021635221,-0.515996969608232,0.444484765281188
"369","FR40",-17,-0.0390471714406294,-0.540179267195891,0.462084924314633
"370","FR41",-17,-0.0314939731781003,-0.512441149249561,0.44945320289336
"371","FR21",-17,-0.0944428395583148,-0.586228788158893,0.397343109042264
"372","FR29",-17,-0.0256424611330501,-0.528883476653011,0.477598554386911
"373","FR76",-17,-0.0351699717787811,-0.517114263038931,0.446774319481368
"374","FR38",-17,-0.0229798203133106,-0.505435884100352,0.459476243473731
"375","FR89",-17,-0.03050077260455,-0.520709863027059,0.459708317817959
"376","FR23",-17,-0.0758000548853212,-0.583279619673052,0.43167950990241
"377","FR7",-17,0.00431719165830506,-0.479234196247584,0.487868579564194
"378","FR13",-17,0.00327146806906594,-0.495873252848005,0.502416188986137
"379","FR91",-17,-0.120243315489732,-0.632897524186986,0.392410893207521
"380","FR92",-17,-0.0324317647654893,-0.526281202432097,0.461417672901118
"381","FR81",-16,0.0819419949536434,-0.388348396535039,0.552232386442326
"382","FR5",-16,0.0611347194206444,-0.414629110121773,0.536898548963062
"383","FR77",-16,0.0806972836094649,-0.395890731616268,0.557285298835197
"384","FR32",-16,0.0807333777794357,-0.384386633250787,0.545853388809658
"385","FR25",-16,0.0734597801920173,-0.390073668761577,0.536993229145611
"386","FR47",-16,0.0514892963703596,-0.438075770635243,0.541054363375962
"387","FR18",-16,0.0729319487965148,-0.391690034024878,0.537553931617908
"388","FR40",-16,0.0556002114236115,-0.415024842212701,0.526225265059924
"389","FR41",-16,0.0755335441318525,-0.389867176947233,0.540934265210938
"390","FR21",-16,0.0978697925797598,-0.37852954939515,0.574269134554669
"391","FR29",-16,0.101892772800487,-0.37669666189984,0.580482207500814
"392","FR76",-16,0.0780371326558431,-0.397057213597771,0.553131478909457
"393","FR38",-16,0.0794983109154988,-0.393546255311206,0.552542877142204
"394","FR89",-16,0.0792643239511874,-0.391154854832949,0.549683502735324
"395","FR23",-16,0.0754698717300582,-0.390786653123625,0.541726396583741
"396","FR7",-16,0.0285174179916662,-0.46290915031317,0.519943986296503
"397","FR13",-16,0.0479018766852693,-0.443494227663329,0.539297981033868
"398","FR91",-16,0.162607607159859,-0.338851321296738,0.664066535616457
"399","FR92",-16,0.0189827357303191,-0.457033872771394,0.494999344232032
"400","FR81",-15,0.0412162471867272,-0.410893889053562,0.493326383427017
"401","FR5",-15,0.000152758190437942,-0.468431642349111,0.468737158729987
"402","FR77",-15,0.012896641023448,-0.44777564949824,0.473568931545136
"403","FR32",-15,0.0232602259219691,-0.422095282225669,0.468615734069608
"404","FR25",-15,0.0330456316243238,-0.414124418624294,0.480215681872942
"405","FR47",-15,0.0294065381003252,-0.423145476716188,0.481958552916839
"406","FR18",-15,0.0222351457027655,-0.423654106061346,0.468124397466877
"407","FR40",-15,0.0445051227918491,-0.404671656930694,0.493681902514393
"408","FR41",-15,0.0210385044402371,-0.42576311046368,0.467840119344154
"409","FR21",-15,0.0305647503860474,-0.43017111508068,0.491300615852774
"410","FR29",-15,0.0405847495427342,-0.416092215280245,0.497261714365713
"411","FR76",-15,0.0396862939129134,-0.42078865808602,0.500161245911847
"412","FR38",-15,0.00624988645116707,-0.44415103050132,0.456650803403655
"413","FR89",-15,0.0230461950410912,-0.431607730546665,0.477700120628847
"414","FR23",-15,0.0283826205450513,-0.430825987434422,0.487591228524524
"415","FR7",-15,0.00914912000892992,-0.449054471945353,0.467352711963213
"416","FR13",-15,0.0633235202527433,-0.402475895149756,0.529122935655242
"417","FR91",-15,0.071664848973622,-0.418382332840055,0.561712030787299
"418","FR92",-15,0.0455128902598966,-0.404133666203489,0.495159446723283
"419","FR81",-14,-0.0743714090554154,-0.553490321774626,0.404747503663795
"420","FR5",-14,-0.0648062468551593,-0.571514593481275,0.441902099770957
"421","FR77",-14,-0.058548694806365,-0.546916329492122,0.429818939879392
"422","FR32",-14,-0.0625359306529807,-0.532792712116746,0.407720850810785
"423","FR25",-14,-0.0538393434408341,-0.524866527908952,0.417187841027284
"424","FR47",-14,-0.0582151495463467,-0.544916458342619,0.428486159249926
"425","FR18",-14,-0.056754162945162,-0.528135854518127,0.414627528627803
"426","FR40",-14,-0.0398048005220919,-0.521924183745082,0.442314582700899
"427","FR41",-14,-0.0467322911902006,-0.52251246983988,0.429047887459479
"428","FR21",-14,-0.0593178946151391,-0.543467195248061,0.424831406017783
"429","FR29",-14,-0.0421209140336758,-0.5352231799422,0.450981351874849
"430","FR76",-14,-0.0466997818959403,-0.523283524989728,0.429883961197847
"431","FR38",-14,-0.10465960560637,-0.581216370111571,0.371897158898831
"432","FR89",-14,-0.0564270754210584,-0.545412306191363,0.432558155349246
"433","FR23",-14,-0.0559022475818698,-0.533067970130947,0.421263474967207
"434","FR7",-14,-0.0347919025856963,-0.519721760312621,0.450137955141229
"435","FR13",-14,-0.0278349734942096,-0.506501517399782,0.450831570411363
"436","FR91",-14,-0.0126323705548369,-0.502714127609402,0.477449386499728
"437","FR92",-14,-0.0986775291301395,-0.576609738143055,0.379254679882776
"438","FR81",-13,-0.0377364432912587,-0.56549301095061,0.490020124368093
"439","FR5",-13,0.0413459788147189,-0.497858175316348,0.580550132945786
"440","FR77",-13,-0.0753970726105108,-0.60344498025185,0.452650835030828
"441","FR32",-13,-0.039133145602909,-0.556454261297349,0.478187970091531
"442","FR25",-13,-0.0616479306364624,-0.579488565837848,0.456192704564924
"443","FR47",-13,-0.0773447005284758,-0.606313368636206,0.451623967579255
"444","FR18",-13,-0.0644354974632687,-0.581078072912597,0.45220707798606
"445","FR40",-13,-0.133981131347912,-0.696628032040732,0.428665769344907
"446","FR41",-13,-0.0633800586068384,-0.579996981510747,0.45323686429707
"447","FR21",-13,-0.1192923896128,-0.660946770089324,0.422361990863725
"448","FR29",-13,-0.0186883106712949,-0.554858994288528,0.517482372945938
"449","FR76",-13,-0.0844153552115365,-0.607375382243097,0.438544671820024
"450","FR38",-13,-0.0265913856798758,-0.552446396921109,0.499263625561357
"451","FR89",-13,-0.111500459451595,-0.642995851970307,0.419994933067117
"452","FR23",-13,-0.0690020284003288,-0.597900338303523,0.459896281502865
"453","FR7",-13,-0.0876953545142005,-0.616558483085432,0.441167774057031
"454","FR13",-13,-0.021669220106015,-0.556872895012175,0.513534454800144
"455","FR91",-13,-0.0436719651761729,-0.569558466630604,0.482214536278258
"456","FR92",-13,-0.146218069397576,-0.674060299006318,0.381624160211166
"457","FR81",-12,0.187520390815712,-0.360297415555397,0.735338197186822
"458","FR5",-12,0.2211816613775,-0.323216585378502,0.765579908133503
"459","FR77",-12,0.212562068506918,-0.346627879715843,0.771752016729679
"460","FR32",-12,0.205641152017229,-0.330304957039677,0.741587261074135
"461","FR25",-12,0.208865519720269,-0.325828314709972,0.74355935415051
"462","FR47",-12,0.214805594426913,-0.33468274224593,0.764293931099755
"463","FR18",-12,0.208792269766088,-0.326428314977537,0.744012854509712
"464","FR40",-12,0.197166260190358,-0.3693308027536,0.763663323134316
"465","FR41",-12,0.21518822670184,-0.322037929003088,0.752414382406768
"466","FR21",-12,0.264129137909291,-0.286725725570312,0.814984001388894
"467","FR29",-12,0.107605831009409,-0.445396901774477,0.660608563793296
"468","FR76",-12,0.217325759077596,-0.33161952477665,0.766271042931842
"469","FR38",-12,0.218672502494758,-0.321052459868546,0.758397464858062
"470","FR89",-12,0.21613576447638,-0.329888017593851,0.762159546546611
"471","FR23",-12,0.207365128897708,-0.329927577924223,0.74465783571964
"472","FR7",-12,0.204256907315289,-0.351089900148565,0.759603714779144
"473","FR13",-12,0.16641933362252,-0.407988296885312,0.740826964130352
"474","FR91",-12,0.250608390543342,-0.303040690132286,0.80425747121897
"475","FR92",-12,0.17867377995076,-0.365660392276989,0.72300795217851
"476","FR81",-11,0.0188885584988767,-0.467413741421372,0.505190858419126
"477","FR5",-11,-0.0240163942370446,-0.507654568652541,0.459621780178452
"478","FR77",-11,0.00542218818374346,-0.482263915708422,0.493108292075909
"479","FR32",-11,-0.0168594741176664,-0.491798211849004,0.458079263613672
"480","FR25",-11,-0.000498267734065059,-0.474299626751111,0.473303091282981
"481","FR47",-11,0.0165202912596264,-0.464100299963178,0.497140882482431
"482","FR18",-11,0.00449081268503689,-0.469570037197267,0.478551662567341
"483","FR40",-11,-0.00056754356195259,-0.483016668991674,0.481881581867769
"484","FR41",-11,0.0078083001451934,-0.467330463462824,0.482947063753211
"485","FR21",-11,0.0187672238983165,-0.486917215149797,0.52445166294643
"486","FR29",-11,0.00125972068278291,-0.49222753539519,0.494746976760756
"487","FR76",-11,0.00746843954028959,-0.472309214802074,0.487246093882654
"488","FR38",-11,-0.0214141874680046,-0.503164189959281,0.460335815023272
"489","FR89",-11,0.00421548096727438,-0.480975695656519,0.489406657591068
"490","FR23",-11,-0.00807413942567896,-0.515406293803971,0.499258014952614
"491","FR7",-11,-0.0918442034347765,-0.576748346105991,0.393059939236438
"492","FR13",-11,0.0511718268480123,-0.433895360496272,0.536239014192297
"493","FR91",-11,0.0527904865937941,-0.459086520367051,0.564667493554639
"494","FR92",-11,0.0459264628566712,-0.438624859897519,0.530477785610862
"495","FR81",-10,-0.266739893367921,-0.788308182796742,0.2548283960609
"496","FR5",-10,-0.246460089744999,-0.763780355315927,0.27086017582593
"497","FR77",-10,-0.20547673636853,-0.730120561655296,0.319167088918236
"498","FR32",-10,-0.214796599492905,-0.7248415892022,0.295248390216391
"499","FR25",-10,-0.210827154432488,-0.721122657238479,0.299468348373503
"500","FR47",-10,-0.235269977091187,-0.751105022145126,0.280565067962752
"501","FR18",-10,-0.216221315764085,-0.725820852990132,0.293378221461961
"502","FR40",-10,-0.202053571276163,-0.717206596649398,0.313099454097073
"503","FR41",-10,-0.218094113203283,-0.72804645727576,0.291858230869194
"504","FR21",-10,-0.205259995563311,-0.740641332615849,0.330121341489226
"505","FR29",-10,-0.221794974858199,-0.740775988672961,0.297186038956563
"506","FR76",-10,-0.20955630806492,-0.724967822321606,0.305855206191766
"507","FR38",-10,-0.232541287079647,-0.746484279021766,0.281401704862471
"508","FR89",-10,-0.222930115069968,-0.756339175925947,0.310478945786011
"509","FR23",-10,-0.222778872748299,-0.746996841953938,0.30143909645734
"510","FR7",-10,-0.154728697714801,-0.676281823522437,0.366824428092834
"511","FR13",-10,-0.192654797609205,-0.715209897153076,0.329900301934666
"512","FR91",-10,-0.1943014723596,-0.775887371070189,0.387284426350989
"513","FR92",-10,-0.141847710165563,-0.678653187468079,0.394957767136953
"514","FR81",-9,0.0283516650603853,-0.49088715905137,0.54759048917214
"515","FR5",-9,-0.0625375982773355,-0.578523584097577,0.453448387542906
"516","FR77",-9,-0.00177725835665745,-0.55014896864903,0.546594451935715
"517","FR32",-9,0.0211533649627728,-0.483430033789064,0.52573676371461
"518","FR25",-9,0.0145044538545962,-0.488019807167862,0.517028714877055
"519","FR47",-9,0.0438395989928432,-0.46849609637701,0.556175294362697
"520","FR18",-9,0.0155231696308309,-0.488107208406851,0.519153547668513
"521","FR40",-9,0.0227545757996271,-0.484587272555621,0.530096424154875
"522","FR41",-9,0.0307625076943967,-0.478079030412908,0.539604045801702
"523","FR21",-9,0.0605042867475304,-0.457085155055291,0.578093728550352
"524","FR29",-9,0.0315441145416854,-0.487858609558056,0.550946838641426
"525","FR76",-9,0.0136795001873131,-0.498462014938025,0.525821015312651
"526","FR38",-9,0.020572531938179,-0.491597160574277,0.532742224450635
"527","FR89",-9,0.034438992481698,-0.482608999376409,0.551486984339805
"528","FR23",-9,0.0151049259059753,-0.511164730303871,0.541374582115822
"529","FR7",-9,-0.0645101012720689,-0.574317275510738,0.4452970729666
"530","FR13",-9,0.0640518036973269,-0.449631938032838,0.577735545427492
"531","FR91",-9,0.0441039390650008,-0.475163075884848,0.563370954014849
"532","FR92",-9,-0.0193338230977559,-0.549003919816005,0.510336273620493
"533","FR81",-8,0.106898868425969,-0.412530499079221,0.626328235931159
"534","FR5",-8,0.0675640893710525,-0.451198467336425,0.58632664607853
"535","FR77",-8,0.094599111335108,-0.440258751300781,0.629456973970997
"536","FR32",-8,0.0506953100082988,-0.458683478439171,0.560074098455769
"537","FR25",-8,0.0748055754556732,-0.431044703245372,0.580655854156718
"538","FR47",-8,0.088343195668966,-0.437922926472895,0.614609317810827
"539","FR18",-8,0.0789639823594053,-0.426969317730672,0.584897282449483
"540","FR40",-8,0.100991552866723,-0.411858588599392,0.613841694332838
"541","FR41",-8,0.0836266614652705,-0.425485452139001,0.592738775069542
"542","FR21",-8,0.109915892242239,-0.410308502251724,0.630140286736202
"543","FR29",-8,0.0786473149199889,-0.444909166914789,0.602203796754767
"544","FR76",-8,0.0831098682433004,-0.432547487569386,0.598767224055987
"545","FR38",-8,-0.1489735932598,-0.672696242199151,0.374749055679551
"546","FR89",-8,0.102102238852068,-0.425496389753671,0.629700867457807
"547","FR23",-8,0.083873989125906,-0.429107911085146,0.596855889336958
"548","FR7",-8,0.0558731901705108,-0.458745093985144,0.570491474326166
"549","FR13",-8,0.0858100015841311,-0.429153164856043,0.600773168024305
"550","FR91",-8,0.109703816076819,-0.414055806832069,0.633463438985708
"551","FR92",-8,0.0941024322175144,-0.431449161349284,0.619654025784313
"552","FR81",-7,-0.0358630195391062,-0.531905186430606,0.460179147352393
"553","FR5",-7,-0.0218701967335445,-0.514479525528139,0.47073913206105
"554","FR77",-7,-0.0250962538973196,-0.530093743473715,0.479901235679076
"555","FR32",-7,-0.0401755307929602,-0.52304435980317,0.44269329821725
"556","FR25",-7,-0.0318322046224959,-0.514610363354701,0.450945954109709
"557","FR47",-7,-0.0372823546626191,-0.525954876725869,0.451390167400631
"558","FR18",-7,-0.0292827239026587,-0.513407146464247,0.45484169865893
"559","FR40",-7,-0.0528494985647291,-0.541603471414094,0.435904474284636
"560","FR41",-7,-0.037635677839739,-0.522992397618505,0.447721041939027
"561","FR21",-7,-0.0294922741563504,-0.520849511416291,0.461864963103591
"562","FR29",-7,-0.0375115850306948,-0.52742137870131,0.45239820863992
"563","FR76",-7,-0.0231907560809046,-0.519226383088049,0.47284487092624
"564","FR38",-7,0.0219524276858241,-0.471837722842918,0.515742578214566
"565","FR89",-7,0.00122270694634385,-0.506699372614307,0.509144786506995
"566","FR23",-7,-0.0434955525131313,-0.552667569365317,0.465676464339054
"567","FR7",-7,-0.00359120391799916,-0.497555173416166,0.490372765580168
"568","FR13",-7,-0.0466852568085221,-0.560977858695409,0.467607345078365
"569","FR91",-7,-0.0987507716867594,-0.625902716519755,0.428401173146236
"570","FR92",-7,-0.0320299755934118,-0.517115489874355,0.453055538687531
"571","FR81",-6,-0.306500770337642,-0.878987726173985,0.2659861854987
"572","FR5",-6,-0.276305291370446,-0.831130589005918,0.278520006265027
"573","FR77",-6,-0.294083081241837,-0.850376848872205,0.262210686388531
"574","FR32",-6,-0.294422243208379,-0.840389231283677,0.251544744866919
"575","FR25",-6,-0.291523358691058,-0.836044304095475,0.252997586713358
"576","FR47",-6,-0.296511322466574,-0.847414937992609,0.254392293059461
"577","FR18",-6,-0.29419834314053,-0.840117909241647,0.251721222960587
"578","FR40",-6,-0.320230673685192,-0.888484507936141,0.248023160565756
"579","FR41",-6,-0.299597051120736,-0.848383751463237,0.249189649221764
"580","FR21",-6,-0.284860891910732,-0.851195019190327,0.281473235368863
"581","FR29",-6,-0.299875945912766,-0.855309399064075,0.255557507238543
"582","FR76",-6,-0.294749760262531,-0.856882138192021,0.267382617666958
"583","FR38",-6,-0.273111136925623,-0.832087863785898,0.285865589934652
"584","FR89",-6,-0.313213222571313,-0.886117217916097,0.259690772773471
"585","FR23",-6,-0.312159142826972,-0.867642427277796,0.243324141623853
"586","FR7",-6,-0.243855699653411,-0.80392044257308,0.316209043266259
"587","FR13",-6,-0.385135168878849,-0.940594632749057,0.170324294991359
"588","FR91",-6,-0.258022467288565,-0.83798784559496,0.321942911017831
"589","FR92",-6,-0.19447329413888,-0.757879125198312,0.368932536920553
"590","FR81",-5,0.164448189022094,-0.370113623456518,0.699010001500707
"591","FR5",-5,0.351491657712483,-0.13996887361457,0.842952189039536
"592","FR77",-5,0.35423541954666,-0.135303828396916,0.843774667490237
"593","FR32",-5,0.33507312453554,-0.145790711703955,0.815936960775034
"594","FR25",-5,0.334215309054716,-0.146644253428055,0.815074871537486
"595","FR47",-5,0.367577618846144,-0.128232480948569,0.863387718640857
"596","FR18",-5,0.334656761243398,-0.146078524989034,0.81539204747583
"597","FR40",-5,0.343398316645105,-0.142712943938743,0.829509577228952
"598","FR41",-5,0.339993201778727,-0.141420740382582,0.821407143940035
"599","FR21",-5,0.276415730894768,-0.230046369795036,0.782877831584572
"600","FR29",-5,0.355935473080325,-0.136911599128654,0.848782545289305
"601","FR76",-5,0.350105044124704,-0.141210543300041,0.841420631549449
"602","FR38",-5,0.255078161719583,-0.239813535800133,0.7499698592393
"603","FR89",-5,0.378718135447694,-0.125893103610915,0.883329374506303
"604","FR23",-5,0.347306321886053,-0.138504075797516,0.833116719569622
"605","FR7",-5,0.283198131155895,-0.211259010018346,0.777655272330136
"606","FR13",-5,0.348866879876675,-0.139118000575832,0.836851760329181
"607","FR91",-5,0.425448246130603,-0.0856031551161375,0.936499647377343
"608","FR92",-5,0.345852831221847,-0.143905920573856,0.83561158301755
"609","FR81",-4,0.149054760501683,-0.319539768154574,0.617649289157941
"610","FR5",-4,0.271837222708629,-0.223983167620067,0.767657613037326
"611","FR77",-4,0.143907231900714,-0.327636139489014,0.615450603290443
"612","FR32",-4,0.126961117135551,-0.334625259312118,0.588547493583219
"613","FR25",-4,0.135240272429474,-0.326247716157208,0.596728261016156
"614","FR47",-4,0.145816491928436,-0.330383018098129,0.622016001955001
"615","FR18",-4,0.13458243515466,-0.327696579352109,0.596861449661429
"616","FR40",-4,0.135497379370686,-0.333627656521132,0.604622415262504
"617","FR41",-4,0.116631490391416,-0.346672846597759,0.579935827380591
"618","FR21",-4,0.0562726755072009,-0.42902051615599,0.541565867170392
"619","FR29",-4,0.15333909615701,-0.322550474786222,0.629228667100241
"620","FR76",-4,0.144013125873733,-0.332449906737863,0.620476158485329
"621","FR38",-4,0.0902371270065944,-0.378888581378782,0.559362835391971
"622","FR89",-4,0.130796809724471,-0.367332729043186,0.628926348492128
"623","FR23",-4,0.135600807356791,-0.350712473361047,0.621914088074629
"624","FR7",-4,0.098851991430699,-0.372685550435937,0.570389533297335
"625","FR13",-4,0.110929510062134,-0.355810416744157,0.577669436868426
"626","FR91",-4,0.161150988420475,-0.31061550945443,0.63291748629538
"627","FR92",-4,0.108192106235465,-0.357141755152143,0.573525967623073
"628","FR81",-3,0.0375060667901548,-0.442253924983209,0.517266058563519
"629","FR5",-3,-0.0099404744503171,-0.488756415025194,0.468875466124559
"630","FR77",-3,0.00702844058497709,-0.490139569649029,0.504196450818983
"631","FR32",-3,0.0127092146407342,-0.461104103589564,0.486522532871032
"632","FR25",-3,0.0245792824919407,-0.448259565499456,0.497418130483337
"633","FR47",-3,0.0119316735489918,-0.491116031635488,0.514979378733472
"634","FR18",-3,0.0240493009148744,-0.448490901982375,0.496589503812124
"635","FR40",-3,-0.0401330323373586,-0.527268738501229,0.447002673826511
"636","FR41",-3,0.0220902334451123,-0.450314409649228,0.494494876539452
"637","FR21",-3,-0.0259456332539233,-0.522649793365982,0.470758526858135
"638","FR29",-3,0.0259456208411194,-0.45053905981141,0.502430301493649
"639","FR76",-3,0.0255930974775133,-0.466769481310401,0.517955676265428
"640","FR38",-3,0.0580686116280453,-0.432848901727292,0.548986124983383
"641","FR89",-3,0.0339531297788121,-0.445762306068649,0.513668565626273
"642","FR23",-3,-0.000303565181281501,-0.491621347538524,0.491014217175961
"643","FR7",-3,0.06516716191781,-0.416482751513981,0.546817075349601
"644","FR13",-3,0.0818991759457284,-0.407837008535013,0.571635360426469
"645","FR91",-3,0.00987777456694442,-0.476478915764355,0.496234464898244
"646","FR92",-3,0.0728837039293907,-0.410914616377984,0.556682024236765
"647","FR81",-2,0.149785217923379,-0.296270585316447,0.595841021163205
"648","FR5",-2,0.277614786017089,-0.17164308910993,0.726872661144109
"649","FR77",-2,0.202866862604716,-0.257602093790117,0.663335818999548
"650","FR32",-2,0.209020634049784,-0.222511817311686,0.640553085411254
"651","FR25",-2,0.202773411422573,-0.228521051882646,0.634067874727792
"652","FR47",-2,0.210933878086027,-0.227967760353416,0.649835516525469
"653","FR18",-2,0.199902604801114,-0.23214027435686,0.631945483959088
"654","FR40",-2,0.235457774387898,-0.214730330624395,0.685645879400191
"655","FR41",-2,0.200932990284207,-0.23242016888127,0.634286149449684
"656","FR21",-2,0.210644713843397,-0.22618881048998,0.647478238176774
"657","FR29",-2,0.164515753268167,-0.274365929714837,0.60339743625117
"658","FR76",-2,0.19792837820017,-0.274161036288363,0.670017792688702
"659","FR38",-2,0.211946590679262,-0.221277868435128,0.645171049793651
"660","FR89",-2,0.208317742659474,-0.229174181974062,0.64580966729301
"661","FR23",-2,0.204737825970071,-0.237276966624834,0.646752618564977
"662","FR7",-2,0.173032872611363,-0.265360745623435,0.611426490846161
"663","FR13",-2,0.0870979756593167,-0.365464126454754,0.539660077773387
"664","FR91",-2,0.252926292016493,-0.200530102240025,0.70638268627301
"665","FR92",-2,0.241183021958859,-0.196602060378343,0.678968104296061
"666","FR81",-1,-0.157047702428432,-0.761682637173813,0.447587232316948
"667","FR5",-1,-0.136949405160292,-0.745445121033492,0.471546310712908
"668","FR77",-1,-0.218874674901727,-0.891113883117433,0.45336453331398
"669","FR32",-1,-0.165523950259897,-0.762956768201328,0.431908867681533
"670","FR25",-1,-0.170102836009236,-0.766912491543848,0.426706819525375
"671","FR47",-1,-0.177082273125681,-0.792915125382391,0.438750579131029
"672","FR18",-1,-0.165020319792155,-0.760234342355243,0.430193702770934
"673","FR40",-1,-0.165142161034147,-0.769085398895934,0.43880107682764
"674","FR41",-1,-0.174766632641244,-0.770480088132288,0.420946822849799
"675","FR21",-1,-0.149070258634711,-0.766345885776034,0.468205368506613
"676","FR29",-1,-0.151459274034213,-0.761051365686356,0.45813281761793
"677","FR76",-1,-0.162734143888216,-0.763910382589013,0.438442094812582
"678","FR38",-1,-0.147157650412092,-0.752771347139392,0.458456046315207
"679","FR89",-1,-0.190432550713028,-0.803272213067832,0.422407111641776
"680","FR23",-1,-0.170070351381429,-0.769438126247113,0.429297423484256
"681","FR7",-1,-0.155542642607756,-0.773044180205083,0.46195889498957
"682","FR13",-1,-0.201682545457875,-0.833255407812345,0.429890316896595
"683","FR91",-1,-0.160432852340132,-0.762262686413067,0.441396981732803
"684","FR92",-1,-0.186532401124348,-0.783668698039991,0.410603895791294
"685","FR81",0,0.0841147845053007,-0.61482321388836,0.783052782898961
"686","FR5",0,-0.311151876310795,-1.03153585378224,0.409232101160655
"687","FR77",0,0.0609241952135979,-0.63290384575035,0.754752236177546
"688","FR32",0,0.0873755415099639,-0.598537249940787,0.773288332960715
"689","FR25",0,0.0565648696189689,-0.628715362856752,0.74184510209469
"690","FR47",0,0.0589369915233254,-0.639706916708512,0.757580899755163
"691","FR18",0,0.0537501964015778,-0.628351767599829,0.735852160402985
"692","FR40",0,0.0869486141383751,-0.619278700166528,0.793175928443279
"693","FR41",0,0.0525684220030674,-0.629336406861707,0.734473250867842
"694","FR21",0,0.032727308271465,-0.656684922311547,0.722139538854477
"695","FR29",0,0.0815944945159306,-0.648703368459253,0.811892357491114
"696","FR76",0,0.0644953863997389,-0.650304185326871,0.779294958126349
"697","FR38",0,0.0350754335172924,-0.669762952468021,0.739913819502606
"698","FR89",0,0.0574349959393955,-0.631132067665038,0.746002059543829
"699","FR23",0,0.0525833775477393,-0.646567902529145,0.751734657624623
"700","FR7",0,0.123379130249311,-0.575654615041674,0.822412875540296
"701","FR13",0,0.0614872358399257,-0.648231488377023,0.771205960056875
"702","FR91",0,0.141717629212839,-0.578465137034012,0.86190039545969
"703","FR92",0,0.10731752895156,-0.591939508314841,0.806574566217961
"704","FR81",1,-0.166369073274787,-0.907160561790119,0.574422415240546
"705","FR5",1,-0.216417716198752,-0.967641572655229,0.534806140257725
"706","FR77",1,-0.198104229273834,-0.936757464124133,0.540549005576465
"707","FR32",1,-0.157325455428284,-0.882287072839094,0.567636161982527
"708","FR25",1,-0.195091109522308,-0.922852424206596,0.532670205161981
"709","FR47",1,-0.199204284396809,-0.935043382618832,0.536634813825213
"710","FR18",1,-0.187452640013408,-0.909872820749458,0.534967540722642
"711","FR40",1,-0.137839317274727,-0.881331242292688,0.605652607743234
"712","FR41",1,-0.196271975793521,-0.918918534433278,0.526374582846236
"713","FR21",1,-0.215296237786697,-0.939955360983448,0.509362885410055
"714","FR29",1,-0.210455962804749,-0.955572831566037,0.534660905956539
"715","FR76",1,-0.19685677319132,-0.980067738329188,0.586354191946547
"716","FR38",1,-0.156369347428953,-0.889619241656256,0.57688054679835
"717","FR89",1,-0.180612261608336,-0.910350104482429,0.549125581265758
"718","FR23",1,-0.212557102680762,-0.980631585608989,0.555517380247464
"719","FR7",1,-0.186410352674106,-0.959764937445431,0.586944232097218
"720","FR13",1,-0.179868894445658,-0.913393748194761,0.553655959303445
"721","FR91",1,-0.257638874239512,-1.01184854869577,0.496570800216746
"722","FR92",1,-0.158352735673987,-0.890523439383054,0.573817968035079
"723","FR81",2,0.578038612627951,-0.128061785477702,1.2841390107336
"724","FR5",2,0.560557235931403,-0.198659376142759,1.31977384800556
"725","FR77",2,0.535279660936359,-0.16123293518251,1.23179225705523
"726","FR32",2,0.535545345749567,-0.158925512027557,1.23001620352669
"727","FR25",2,0.509430440071438,-0.194940796859314,1.21380167700219
"728","FR47",2,0.528025012503793,-0.179586345881068,1.23563637088865
"729","FR18",2,0.526361287327086,-0.167596680456386,1.22031925511056
"730","FR40",2,0.534975796128619,-0.209073561379154,1.27902515363639
"731","FR41",2,0.520739144532427,-0.173679510128882,1.21515779919374
"732","FR21",2,0.515818696494788,-0.182368885543132,1.21400627853271
"733","FR29",2,0.495674269676713,-0.22242359617306,1.21377213552649
"734","FR76",2,0.548926755751039,-0.153598181363632,1.25145169286571
"735","FR38",2,0.496654578917309,-0.207440747236888,1.20074990507151
"736","FR89",2,0.559453607402718,-0.146009467080969,1.26491668188641
"737","FR23",2,0.53565270836652,-0.165703273598609,1.23700869033165
"738","FR7",2,0.578119174339306,-0.170887986565988,1.3271263352446
"739","FR13",2,0.337385333412895,-0.40683588860282,1.08160655542861
"740","FR91",2,0.486198419083544,-0.224569182312704,1.19696602047979
"741","FR92",2,0.584823410383256,-0.124439756378829,1.29408657714534
"742","FR81",3,0.0927957455148159,-0.822956344917086,1.00854783594672
"743","FR5",3,-0.271191720399207,-1.11963909984951,0.577255659051098
"744","FR77",3,-0.0349198633687608,-0.857309984176667,0.787470257439146
"745","FR32",3,-0.0012139942238256,-0.838622536553483,0.836194548105832
"746","FR25",3,-0.0427168229098576,-0.887826403570256,0.80239275775054
"747","FR47",3,-0.0120317782589356,-0.846938293486777,0.822874736968905
"748","FR18",3,-0.0448386607235889,-0.870808564428815,0.781131242981638
"749","FR40",3,0.0114076515426404,-0.840209037783582,0.863024340868863
"750","FR41",3,-0.0374077888424139,-0.865808816137243,0.790993238452415
"751","FR21",3,-0.0374942723572996,-0.870186976996236,0.795198432281636
"752","FR29",3,0.0126501561269928,-0.849604659990414,0.874904972244399
"753","FR76",3,-0.0117300564678558,-0.84940991744262,0.825949804506908
"754","FR38",3,-0.114696231855702,-0.951809004452848,0.722416540741445
"755","FR89",3,-0.05156301956475,-0.885523649534173,0.782397610404673
"756","FR23",3,-0.0539806625735253,-0.894796431134886,0.786835105987836
"757","FR7",3,-0.00439884752285152,-0.857495766999778,0.848698071954075
"758","FR13",3,-0.00920912464366527,-0.848248969760284,0.829830720472953
"759","FR91",3,-0.0362084090664721,-0.886118215087459,0.813701396954515
"760","FR92",3,-0.0477593907913791,-0.885408824799338,0.78989004321658
"761","FR81",4,0.08286013520209,-0.638373072707586,0.804093343111766
"762","FR5",4,0.036971958676455,-0.761237505841049,0.835181423193959
"763","FR77",4,0.0758351805900147,-0.634965212672864,0.786635573852893
"764","FR32",4,0.0747159853564882,-0.636794581991948,0.786226552704924
"765","FR25",4,0.0734854238618814,-0.638890370166543,0.785861217890305
"766","FR47",4,0.0955331241713188,-0.625015485475303,0.81608173381794
"767","FR18",4,0.0753163827079169,-0.635494817036983,0.786127582452817
"768","FR40",4,0.0412788874288872,-0.748134069013017,0.830691843870792
"769","FR41",4,0.0741742755492529,-0.636508296037194,0.7848568471357
"770","FR21",4,0.107335725691973,-0.629290980085395,0.843962431469341
"771","FR29",4,0.116499176311497,-0.618941309981381,0.851939662604374
"772","FR76",4,0.10315741412582,-0.619662835962128,0.825977664213767
"773","FR38",4,0.125254526913865,-0.596611161008167,0.847120214835897
"774","FR89",4,0.10803809826469,-0.638244170164926,0.854320366694305
"775","FR23",4,0.0811052548439015,-0.637271810192338,0.799482319880141
"776","FR7",4,0.0122705315409233,-0.72410818660803,0.748649249689877
"777","FR13",4,-0.0801603565986255,-0.805971092487622,0.645650379290372
"778","FR91",4,0.06604786454082,-0.660874432318397,0.792970161400037
"779","FR92",4,0.134141739020735,-0.592970342555985,0.861253820597455
"780","FR81",5,-0.170884176428101,-0.906046281427589,0.564277928571387
"781","FR5",5,-0.119171566128132,-0.857250407162982,0.618907274906719
"782","FR77",5,-0.182211922461582,-0.906821661163477,0.542397816240313
"783","FR32",5,-0.159592733709514,-0.885438185890022,0.566252718470993
"784","FR25",5,-0.190353422084569,-0.916296320876023,0.535589476706884
"785","FR47",5,-0.173499239911478,-0.903511649018003,0.556513169195048
"786","FR18",5,-0.214635207992237,-0.951385880435401,0.522115464450927
"787","FR40",5,-0.1605768247118,-0.899841231743448,0.578687582319848
"788","FR41",5,-0.176983860697526,-0.916535430665016,0.562567709269965
"789","FR21",5,-0.237312090284419,-0.981744002570516,0.507119822001678
"790","FR29",5,-0.146543917456992,-0.900888910776819,0.607801075862836
"791","FR76",5,-0.156056267938537,-0.886952919239332,0.574840383362257
"792","FR38",5,-0.211866506064938,-0.980330337069809,0.556597324939934
"793","FR89",5,-0.178256413713455,-0.905419203166135,0.548906375739225
"794","FR23",5,-0.179546448920072,-0.916758855751876,0.557665957911731
"795","FR7",5,-0.0402952115961573,-0.778074158512192,0.697483735319878
"796","FR13",5,-0.287780969620155,-1.02922883120624,0.453666891965932
"797","FR91",5,-0.140164721953453,-0.995154946334514,0.714825502427609
"798","FR92",5,-0.301494779432311,-1.05504489396698,0.45205533510236
"799","FR81",6,-0.228980479952495,-0.84823297360012,0.39027201369513
"800","FR5",6,-0.410203814138125,-1.05004550867752,0.229637880401272
"801","FR77",6,-0.232781403539506,-0.862932432793331,0.39736962571432
"802","FR32",6,-0.235210923277611,-0.843585465924336,0.373163619369115
"803","FR25",6,-0.245543411194443,-0.865034682208968,0.373947859820081
"804","FR47",6,-0.247834693615985,-0.861407328481343,0.365737941249373
"805","FR18",6,-0.235336406762682,-0.843383463094647,0.372710649569283
"806","FR40",6,-0.134045187312972,-0.787523314068545,0.519432939442601
"807","FR41",6,-0.236742877824827,-0.844757782348177,0.371272026698524
"808","FR21",6,-0.208849007174947,-0.826684009021536,0.408985994671642
"809","FR29",6,-0.223895200398016,-0.862385025340259,0.414594624544226
"810","FR76",6,-0.247742909218675,-0.884092609258246,0.388606790820896
"811","FR38",6,-0.247503356471916,-0.859367811909513,0.364361098965681
"812","FR89",6,-0.231127115349174,-0.841181814476927,0.378927583778579
"813","FR23",6,-0.236515365275957,-0.85286798413205,0.379837253580137
"814","FR7",6,-0.173530157436234,-0.805044880030508,0.457984565158039
"815","FR13",6,-0.25658263738286,-0.872689779843134,0.359524505077414
"816","FR91",6,-0.308406205378505,-0.954522394103028,0.337709983346017
"817","FR92",6,-0.114109698641419,-0.749156020905422,0.520936623622584
"818","FR81",7,0.131752644104774,-0.600072731237218,0.863578019446767
"819","FR5",7,-0.0675463702972819,-0.778958388508,0.643865647913437
"820","FR77",7,0.0706674557594768,-0.60456994291375,0.745904854432704
"821","FR32",7,0.0403765168910501,-0.636772323410312,0.717525357192412
"822","FR25",7,0.0296774850259749,-0.655743042894977,0.715098012946927
"823","FR47",7,0.0771825202139227,-0.620304059328678,0.774669099756524
"824","FR18",7,0.0686203739486424,-0.60532256107141,0.742563308968695
"825","FR40",7,0.0821303502091222,-0.595884329622667,0.760145030040911
"826","FR41",7,0.0672824070772055,-0.607481830996756,0.742046645151167
"827","FR21",7,-0.0701309460340155,-0.760941737929212,0.62067984586118
"828","FR29",7,0.0682946697236761,-0.648883449379819,0.785472788827171
"829","FR76",7,0.0753333955647235,-0.601359519955298,0.752026311084745
"830","FR38",7,0.0585601037755598,-0.618987396348465,0.736107603899585
"831","FR89",7,0.0902225246678825,-0.593991221826919,0.774436271162684
"832","FR23",7,0.0582842282119906,-0.625653883167724,0.742222339591705
"833","FR7",7,0.237303998828776,-0.475715377179544,0.950323374837096
"834","FR13",7,0.0869001920637028,-0.610766840326014,0.784567224453419
"835","FR91",7,0.124368582830009,-0.574966136018421,0.823703301678439
"836","FR92",7,0.0492636819241713,-0.63950897148432,0.738036335332662
"837","FR81",8,-0.396950488551189,-0.951934156962605,0.158033179860227
"838","FR5",8,-0.348812477724027,-0.888335198252297,0.190710242804242
"839","FR77",8,-0.367713680362458,-0.904338403982754,0.168911043257837
"840","FR32",8,-0.375970716984782,-0.908915813254733,0.15697437928517
"841","FR25",8,-0.381019209768249,-0.912696737765291,0.150658318228792
"842","FR47",8,-0.38019261738309,-0.913500033766669,0.15311479900049
"843","FR18",8,-0.375338324541063,-0.905188873456642,0.154512224374516
"844","FR40",8,-0.374949594889956,-0.919099217899778,0.169200028119866
"845","FR41",8,-0.378638334705544,-0.908682724377662,0.151406054966575
"846","FR21",8,-0.359238187997732,-0.90115099396087,0.182674617965406
"847","FR29",8,-0.500788922575313,-1.09284578925755,0.091267944106922
"848","FR76",8,-0.372067773012778,-0.903549769571358,0.159414223545802
"849","FR38",8,-0.411178392249708,-0.948512897244768,0.126156112745352
"850","FR89",8,-0.404616837392844,-0.96867857191764,0.159444897131952
"851","FR23",8,-0.388886691379493,-0.927853177725226,0.15007979496624
"852","FR7",8,-0.159053385712708,-0.718288387355445,0.400181615930029
"853","FR13",8,-0.389278729204301,-0.948202997922146,0.169645539513544
"854","FR91",8,-0.431252271284329,-0.979401740140977,0.116897197572318
"855","FR92",8,-0.341114770965665,-0.88245356188707,0.20022401995574
"856","FR81",9,0.267889709255814,-0.325396674498419,0.861176093010047
"857","FR5",9,0.133565042714184,-0.482317186752152,0.749447272180519
"858","FR77",9,0.262150142236221,-0.32996610907388,0.854266393546321
"859","FR32",9,0.23983233986865,-0.344702677778265,0.824367357515565
"860","FR25",9,0.24862929938111,-0.334905561717983,0.832164160480202
"861","FR47",9,0.276423439500477,-0.331340829147413,0.884187708148367
"862","FR18",9,0.249939063708181,-0.333768956756283,0.833647084172646
"863","FR40",9,0.268555244804931,-0.34024845760138,0.877358947211241
"864","FR41",9,0.24609605732359,-0.337161513150072,0.829353627797252
"865","FR21",9,0.246202801516034,-0.348725106760386,0.841130709792454
"866","FR29",9,0.258833184525796,-0.331425885021903,0.849092254073494
"867","FR76",9,0.262124613140657,-0.328341946798641,0.852591173079956
"868","FR38",9,0.237016122173371,-0.379304420884232,0.853336665230973
"869","FR89",9,0.280068239397455,-0.35949111943326,0.91962759822817
"870","FR23",9,0.249648089913438,-0.337633482538451,0.836929662365327
"871","FR7",9,0.354070863689875,-0.255374674703204,0.963516402082954
"872","FR13",9,0.12373527923874,-0.473350544270789,0.720821102748268
"873","FR91",9,0.212071793058388,-0.398744670001528,0.822888256118304
"874","FR92",9,0.283458777921022,-0.308236605293119,0.875154161135163
"875","FR81",10,-0.147012547868337,-0.772530503036757,0.478505407300084
"876","FR5",10,-0.269370125243789,-0.913993735046042,0.375253484558464
"877","FR77",10,-0.139906893981579,-0.775545064282962,0.495731276319803
"878","FR32",10,-0.200679579350979,-0.830299469074663,0.428940310372705
"879","FR25",10,-0.149541748137266,-0.772016176481405,0.472932680206872
"880","FR47",10,-0.14295089361161,-0.780836995010105,0.494935207786884
"881","FR18",10,-0.148760952632672,-0.773164368910151,0.475642463644806
"882","FR40",10,-0.105502977251248,-0.746065718243358,0.535059763740862
"883","FR41",10,-0.14756590756249,-0.77339776747382,0.47826595234884
"884","FR21",10,-0.130162560398816,-0.764676818583565,0.504351697785933
"885","FR29",10,-0.13869492127859,-0.776618836550482,0.499228993993301
"886","FR76",10,-0.166221145533363,-0.83161665282652,0.499174361759793
"887","FR38",10,-0.101695818215779,-0.755609654851212,0.552218018419653
"888","FR89",10,-0.180359819989636,-0.836934140147431,0.476214500168159
"889","FR23",10,-0.169053781542082,-0.80448567516742,0.466378112083256
"890","FR7",10,-0.123274954874123,-0.750340442185586,0.50379053243734
"891","FR13",10,-0.0407287684730476,-0.706685442971436,0.625227906025341
"892","FR91",10,-0.156272512696536,-0.806587496350762,0.494042470957689
"893","FR92",10,-0.181564374614366,-0.811197385883354,0.448068636654623
"894","FR81",11,0.175814212915638,-0.456014223778993,0.807642649610268
"895","FR5",11,0.226625753304502,-0.420340809952745,0.873592316561749
"896","FR77",11,0.187239731198725,-0.449398357484825,0.823877819882275
"897","FR32",11,0.189132908541458,-0.444549193283604,0.82281501036652
"898","FR25",11,0.174404673014396,-0.455607095054729,0.804416441083521
"899","FR47",11,0.193860963294649,-0.467733123334608,0.855455049923907
"900","FR18",11,0.171838618332474,-0.457391755932939,0.801068992597888
"901","FR40",11,0.33765923147564,-0.342318137577824,1.0176366005291
"902","FR41",11,0.167286429492456,-0.462539131568344,0.797111990553256
"903","FR21",11,0.172893703091895,-0.461433666871421,0.80722107305521
"904","FR29",11,0.0802542184068753,-0.579736752464714,0.740245189278464
"905","FR76",11,0.208183232903157,-0.479258655551502,0.895625121357816
"906","FR38",11,0.182618183151914,-0.456896990159271,0.822133356463099
"907","FR89",11,0.171521592302858,-0.459791624351517,0.802834808957234
"908","FR23",11,0.17988051285774,-0.458853348877958,0.818614374593438
"909","FR7",11,0.165136081429494,-0.466941724739763,0.797213887598752
"910","FR13",11,-0.164737103301665,-0.828791389979533,0.499317183376203
"911","FR91",11,0.132552386769717,-0.516463399204844,0.781568172744278
"912","FR92",11,0.299057611379332,-0.356906926485848,0.955022149244512
"913","FR81",12,0.0854025260634649,-0.695654737504706,0.866459789631636
"914","FR5",12,0.135328259786568,-0.649075776432527,0.919732296005663
"915","FR77",12,0.0850085330838352,-0.685111057165132,0.855128123332802
"916","FR32",12,0.0642749935031708,-0.70535118303699,0.833901170043332
"917","FR25",12,0.079052830654408,-0.68945851051723,0.847564171826046
"918","FR47",12,0.0736167166393289,-0.726767609372072,0.87400104265073
"919","FR18",12,0.0740265435418022,-0.691974051787381,0.840027138870986
"920","FR40",12,-0.121194028198985,-0.946507472273437,0.704119415875468
"921","FR41",12,0.0664217580554429,-0.699469672592681,0.832313188703566
"922","FR21",12,0.0694324439654163,-0.70236139045895,0.841226278389783
"923","FR29",12,0.0623417812887613,-0.725456216192468,0.850139778769991
"924","FR76",12,0.0859914097686685,-0.700086863949833,0.87206968348717
"925","FR38",12,0.0789076176419415,-0.688576648498012,0.846391883781895
"926","FR89",12,0.0645870018170644,-0.703178956787526,0.832352960421655
"927","FR23",12,0.113068234208282,-0.683901851096288,0.910038319512853
"928","FR7",12,0.101910069614584,-0.66443413363192,0.868254272861089
"929","FR13",12,0.324596662054462,-0.53138543068412,1.18057875479304
"930","FR91",12,-0.116199000636445,-0.930094750620292,0.697696749347402
"931","FR92",12,0.103314558992813,-0.671209927834225,0.877839045819851
"932","FR81",13,3.75759138307568,2.97873199032291,4.53645077582844
"933","FR5",13,3.94603684319213,3.15294207182667,4.73913161455758
"934","FR77",13,3.75515075626733,2.97663867464447,4.53366283789018
"935","FR32",13,3.82322784451848,3.03777158455,4.60868410448697
"936","FR25",13,3.77911491146154,2.99788979269919,4.56034003022388
"937","FR47",13,3.83861062336476,3.04479576727426,4.63242547945525
"938","FR18",13,3.74422576168444,2.96677900677756,4.52167251659132
"939","FR40",13,4.21624204888163,3.39841729934959,5.03406679841366
"940","FR41",13,3.74215318411353,2.96382751139107,4.520478856836
"941","FR21",13,3.77458869609671,2.99298866228338,4.55618872991004
"942","FR29",13,3.88149793237428,3.09114099317653,4.67185487157204
"943","FR76",13,3.75797309170289,2.97980654106221,4.53613964234358
"944","FR38",13,3.73352071358721,2.95569793261734,4.51134349455707
"945","FR89",13,3.94791161763243,3.14895378724889,4.74686944801596
"946","FR23",13,4.19495523694771,3.36989411435464,5.02001635954079
"947","FR7",13,3.72550655967991,2.94995237823544,4.50106074112438
"948","FR13",13,0.50335639350604,-0.475753073958033,1.48246586097011
"949","FR91",13,3.52112598998888,2.72369119293678,4.31856078704097
"950","FR92",13,3.78992464670402,3.0095179726647,4.57033132074334
"951","FR81",14,0.368282749650639,-0.456628207216823,1.1931937065181
"952","FR5",14,0.459093182876763,-0.433057748619601,1.35124411437313
"953","FR77",14,0.347127276350082,-0.468953390410008,1.16320794311017
"954","FR32",14,0.283623853857022,-0.53891409987485,1.10616180758889
"955","FR25",14,0.342412191466096,-0.47368189059431,1.1585062735265
"956","FR47",14,0.378093337308105,-0.456609175712881,1.21279585032909
"957","FR18",14,0.332342371231748,-0.481720957090311,1.14640569955381
"958","FR40",14,0.413050547596379,-0.432754983009234,1.25885607820199
"959","FR41",14,0.338985860222155,-0.475315057308254,1.15328677775256
"960","FR21",14,0.310202457383318,-0.513259907212015,1.13366482197865
"961","FR29",14,0.361666634310847,-0.467688879937253,1.19102214855895
"962","FR76",14,0.361140500788516,-0.457216777044011,1.17949777862104
"963","FR38",14,0.318012023825324,-0.518088082797157,1.15411213044781
"964","FR89",14,0.342024169644952,-0.472235728298515,1.15628406758842
"965","FR23",14,0.377428850162969,-0.481988747583172,1.23684644790911
"966","FR7",14,0.346288937037989,-0.466150697716621,1.1587285717926
"967","FR13",14,0.0174349634763424,-0.929499309049342,0.964369236002027
"968","FR91",14,0.277426496310276,-0.54722981373781,1.10208280635836
"969","FR92",14,0.39173579869204,-0.431293374829216,1.2147649722133
"970","FR81",15,0.748117405363909,-0.148610677914877,1.6448454886427
"971","FR5",15,0.80536604849501,-0.118427675434397,1.72915977242442
"972","FR77",15,0.708576856157965,-0.180177642004978,1.59733135432091
"973","FR32",15,0.745484443206349,-0.152707877612929,1.64367676402563
"974","FR25",15,0.708464743969289,-0.181402052565453,1.59833154050403
"975","FR47",15,0.508384022804541,-0.574962810129328,1.59173085573841
"976","FR18",15,0.721202507646204,-0.17404432793659,1.616449343229
"977","FR40",15,0.773699555557344,-0.158461478104427,1.70586058921911
"978","FR41",15,0.757385380333573,-0.152489785832127,1.66726054649927
"979","FR21",15,0.684220890725748,-0.212990119926471,1.58143190137797
"980","FR29",15,0.743944809326704,-0.157258578470197,1.64514819712361
"981","FR76",15,0.782470668585413,-0.133126855130717,1.69806819230154
"982","FR38",15,0.710271628884212,-0.179908584378776,1.6004518421472
"983","FR89",15,0.704630312004501,-0.190343505551186,1.59960412956019
"984","FR23",15,0.743842847726227,-0.166040810791167,1.65372650624362
"985","FR7",15,0.714190929737242,-0.174803488479595,1.60318534795408
"986","FR13",15,0.594991103825494,-0.335580168243477,1.52556237589447
"987","FR91",15,0.431860680219514,-0.465952597039558,1.32967395747859
"988","FR92",15,0.708568478563154,-0.185619574536389,1.6027565316627
"989","FR81",16,0.524137222213066,-0.310773785357168,1.3590482297833
"990","FR5",16,0.568543143682429,-0.269667670341601,1.40675395770646
"991","FR77",16,0.502883140349893,-0.320403110099028,1.32616939079881
"992","FR32",16,0.500822398926934,-0.328850911869569,1.33049570972344
"993","FR25",16,0.502603204984761,-0.324083159210118,1.32928956917964
"994","FR47",16,0.527005066683624,-0.31499551903235,1.3690056523996
"995","FR18",16,0.500261750931895,-0.324592912549845,1.32511641441364
"996","FR40",16,0.610838458201707,-0.249456954757203,1.47113387116062
"997","FR41",16,0.486981208880009,-0.340765657890242,1.31472807565026
"998","FR21",16,0.452066982687026,-0.407627373452604,1.31176133882666
"999","FR29",16,0.520578006550632,-0.374736472331647,1.41589248543291
"1000","FR76",16,0.511560226772191,-0.313728719038488,1.33684917258287
"1001","FR38",16,0.49748596712691,-0.329930169040299,1.32490210329412
"1002","FR89",16,0.518315005274976,-0.30768176432618,1.34431177487613
"1003","FR23",16,0.527631994975657,-0.309400389024758,1.36466437897607
"1004","FR7",16,0.638005719649615,-0.225846790549924,1.50185822984915
"1005","FR13",16,0.175332246232134,-0.779178057225171,1.12984254968944
"1006","FR91",16,0.252979004508579,-0.578985088115482,1.08494309713264
"1007","FR92",16,0.575152890987335,-0.25735736293497,1.40766314490964
"1008","FR81",17,0.916070506748136,0.053960424355753,1.77818058914052
"1009","FR5",17,0.927035470624938,0.0528732717467605,1.80119766950312
"1010","FR77",17,0.909397233756492,0.0540108851390405,1.76478358237394
"1011","FR32",17,0.94248456790168,0.0792430181702389,1.80572611763312
"1012","FR25",17,0.934894124723052,0.0700640417754426,1.79972420767066
"1013","FR47",17,0.95037808982737,0.0590247035805028,1.84173147607424
"1014","FR18",17,0.905726240681284,0.0490228637898235,1.76242961757274
"1015","FR40",17,0.893177574375054,-0.00257904932110531,1.78893419807121
"1016","FR41",17,0.911365986752077,0.0486145455113174,1.77411742799284
"1017","FR21",17,0.856397530958008,-0.00568166184417018,1.71847672376019
"1018","FR29",17,0.916479880691522,0.0535949041154483,1.7793648572676
"1019","FR76",17,0.951545745488965,0.087759391884194,1.81533209909374
"1020","FR38",17,0.940376948157465,0.0826342055397584,1.79811969077517
"1021","FR89",17,0.912006558515238,0.0554508295797153,1.76856228745076
"1022","FR23",17,0.915819889252208,0.0541738180601078,1.77746596044431
"1023","FR7",17,0.900089519036279,0.0424845932282288,1.75769444484433
"1024","FR13",17,0.851072554564304,-0.0267647227878517,1.72890983191646
"1025","FR91",17,0.316711206141808,-0.82179909694242,1.45522150922604
"1026","FR92",17,0.948791677479909,0.0862104838897065,1.81137287107011
"1027","FR81",18,0.59086515291103,-0.248742311555359,1.43047261737742
"1028","FR5",18,0.574764180734301,-0.276005777271713,1.42553413874032
"1029","FR77",18,0.550745565348625,-0.271722693923721,1.37321382462097
"1030","FR32",18,0.504750526806659,-0.323313500542172,1.33281455415549
"1031","FR25",18,0.53938517045134,-0.281034752363977,1.35980509326666
"1032","FR47",18,0.541000623510454,-0.298521045070704,1.38052229209161
"1033","FR18",18,0.536348451897705,-0.282283404730992,1.3549803085264
"1034","FR40",18,0.585735356310038,-0.252425467320175,1.42389617994025
"1035","FR41",18,0.537052667201608,-0.282318531413979,1.3564238658172
"1036","FR21",18,0.506477516904306,-0.318780673804638,1.33173570761325
"1037","FR29",18,0.512712112911229,-0.317410186272633,1.34283441209509
"1038","FR76",18,0.550124082417667,-0.271998483294805,1.37224664813014
"1039","FR38",18,0.535566662314411,-0.287847541829745,1.35898086645857
"1040","FR89",18,0.539472815017623,-0.280315722837653,1.3592613528729
"1041","FR23",18,0.661709197135754,-0.240506433154704,1.56392482742621
"1042","FR7",18,0.563155932352769,-0.268203081291259,1.3945149459968
"1043","FR13",18,0.346272381743768,-0.576013839660095,1.26855860314763
"1044","FR91",18,0.415207032692993,-0.431463454574191,1.26187751996018
"1045","FR92",18,0.535209677366139,-0.324020557872133,1.39443991260441
"1046","FR81",19,0.0748496026439128,-0.681999186566876,0.831698391854702
"1047","FR5",19,0.0374794611852632,-0.703196110447409,0.778155032817935
"1048","FR77",19,0.046463400587324,-0.685588990426751,0.778515791601399
"1049","FR32",19,-0.00991316282880383,-0.74588796624225,0.726061640584643
"1050","FR25",19,0.0394330441166741,-0.694693351163373,0.773559439396721
"1051","FR47",19,0.0551182880652149,-0.691725495588747,0.801962071719176
"1052","FR18",19,0.0428700769136432,-0.691070208130512,0.776810361957798
"1053","FR40",19,0.0919335099489606,-0.660548459965083,0.844415479863004
"1054","FR41",19,0.056005909109833,-0.688089630182837,0.800101448402503
"1055","FR21",19,0.037957509578148,-0.697710179472367,0.773625198628663
"1056","FR29",19,0.0670032243895478,-0.676997971190803,0.811004419969898
"1057","FR76",19,0.040083936900933,-0.692867385629015,0.773035259430881
"1058","FR38",19,0.0475305576191059,-0.683870242930271,0.778931358168482
"1059","FR89",19,0.0527606847115594,-0.687640817042643,0.793162186465762
"1060","FR23",19,0.0237120183051681,-0.7350185904032,0.782442627013536
"1061","FR7",19,0.0994367939895829,-0.645145418992355,0.84401900697152
"1062","FR13",19,-0.0392575248520889,-0.856981030755674,0.778465981051496
"1063","FR91",19,-0.109236096401982,-0.921039812147537,0.702567619343573
"1064","FR92",19,0.0848770512750317,-0.654808312017689,0.824562414567752
"1065","FR81",20,0.0314861265840013,-0.636911578578837,0.699883831746839
"1066","FR5",20,0.0213200729605288,-0.633376434679562,0.676016580600619
"1067","FR77",20,0.010528561271039,-0.634713206157154,0.655770328699232
"1068","FR32",20,-0.0526158335086592,-0.699670056931995,0.594438389914676
"1069","FR25",20,0.00484037378849558,-0.651913087166685,0.661593834743676
"1070","FR47",20,-0.00700875974047275,-0.682867583010846,0.668850063529901
"1071","FR18",20,0.01089961389238,-0.638401044103011,0.660200271887771
"1072","FR40",20,0.0321609590769219,-0.625882676580118,0.690204594733962
"1073","FR41",20,0.03163508184391,-0.625675926419841,0.688946090107661
"1074","FR21",20,0.0211444325830346,-0.650429755896039,0.692718621062108
"1075","FR29",20,0.0450577190067613,-0.635962658991466,0.726078097004988
"1076","FR76",20,0.0132744254509147,-0.633929742199413,0.660478593101242
"1077","FR38",20,0.0171370263417885,-0.634345839590908,0.668619892274485
"1078","FR89",20,0.0165787905785637,-0.632183847221967,0.665341428379095
"1079","FR23",20,-0.047125058695292,-0.749791236709209,0.655541119318625
"1080","FR7",20,0.0287752273836901,-0.627625720567234,0.685176175334614
"1081","FR13",20,0.0760358870772309,-0.592375747873926,0.744447522028388
"1082","FR91",20,-0.0995111048869558,-0.799687280815273,0.600665071041361
"1083","FR92",20,-0.0110469308853836,-0.65889994194086,0.636806080170093
"1084","FR81",21,0.382482985933543,-0.289318798079764,1.05428476994685
"1085","FR5",21,0.387968059536962,-0.275025378286292,1.05096149736022
"1086","FR77",21,0.340627544756608,-0.315075720755495,0.996330810268711
"1087","FR32",21,0.298943950055107,-0.35236654442891,0.950254444539123
"1088","FR25",21,0.332034672972879,-0.31953880825576,0.983608154201518
"1089","FR47",21,0.328449878731943,-0.339276018199203,0.99617577566309
"1090","FR18",21,0.328722266213338,-0.322128519228503,0.979573051655179
"1091","FR40",21,0.376945041027206,-0.285234853743323,1.03912493579773
"1092","FR41",21,0.330973108738613,-0.321478306431115,0.98342452390834
"1093","FR21",21,0.293012623004101,-0.364127080487528,0.950152326495731
"1094","FR29",21,0.46177372143719,-0.251461123787082,1.17500856666146
"1095","FR76",21,0.344932652940832,-0.313673324366524,1.00353863024819
"1096","FR38",21,0.375117507434848,-0.283620246027588,1.03385526089728
"1097","FR89",21,0.393698187132023,-0.288476966157261,1.07587334042131
"1098","FR23",21,0.346588148510966,-0.331215055850271,1.0243913528722
"1099","FR7",21,0.275437366377307,-0.382453216620579,0.933327949375194
"1100","FR13",21,0.123963187059212,-0.594042437970843,0.841968812089267
"1101","FR91",21,0.239837786988673,-0.436676403244631,0.916351977221977
"1102","FR92",21,0.253324106516471,-0.405354814738936,0.912003027771877
"1103","FR81",22,0.333152911604451,-0.389800898061401,1.0561067212703
"1104","FR5",22,0.409354897468324,-0.27187149031193,1.09058128524858
"1105","FR77",22,0.407289049858967,-0.277860254304213,1.09243835402215
"1106","FR32",22,0.378278225722053,-0.295701230968437,1.05225768241254
"1107","FR25",22,0.380634281427358,-0.288553258764544,1.04982182161926
"1108","FR47",22,0.394086601787855,-0.287888462126565,1.07606166570227
"1109","FR18",22,0.380875051633904,-0.288405920806162,1.05015602407397
"1110","FR40",22,0.37396990216425,-0.310326584896405,1.0582663892249
"1111","FR41",22,0.381715242743571,-0.288144613450724,1.05157509893786
"1112","FR21",22,0.315523196457788,-0.369327740182005,1.00037413309758
"1113","FR29",22,0.367699862694743,-0.32559416510182,1.06099389049131
"1114","FR76",22,0.426474918842896,-0.258417703163682,1.11136754084947
"1115","FR38",22,0.396862114256441,-0.289590627809528,1.08331485632241
"1116","FR89",22,0.336933063595917,-0.369325421792731,1.04319154898456
"1117","FR23",22,0.390176071623188,-0.285527801169942,1.06587994441632
"1118","FR7",22,0.428944904233671,-0.242907762150023,1.10079757061736
"1119","FR13",22,0.188212568717728,-0.545217682099237,0.921642819534694
"1120","FR91",22,0.391037197886635,-0.299854871593157,1.08192926736643
"1121","FR92",22,0.474939083493131,-0.212029621471654,1.16190778845792
"1122","FR81",23,0.113657865408331,-0.61190912693909,0.839224857755752
"1123","FR5",23,-0.0431475882651165,-0.747230145295416,0.660934968765183
"1124","FR77",23,0.108765954305503,-0.594025537221473,0.811557445832479
"1125","FR32",23,0.0047050965362396,-0.695619348251662,0.705029541324142
"1126","FR25",23,0.0937962851766992,-0.59890097661774,0.786493546971138
"1127","FR47",23,0.092693577618441,-0.61221136596157,0.797598521198452
"1128","FR18",23,0.0915425844634229,-0.599780113168061,0.782865282094907
"1129","FR40",23,0.204892670439854,-0.518116138096567,0.927901478976275
"1130","FR41",23,0.0908022305747267,-0.600564477387379,0.782168938536832
"1131","FR21",23,-0.021494956759529,-0.731668822384634,0.688678908865576
"1132","FR29",23,0.078206661822702,-0.618064967788336,0.77447829143374
"1133","FR76",23,0.0916451969366855,-0.619728443764059,0.80301883763743
"1134","FR38",23,0.171275123534014,-0.542422806349579,0.884973053417606
"1135","FR89",23,0.109521879926488,-0.637827162870192,0.856870922723168
"1136","FR23",23,0.0920890728804788,-0.609613848756313,0.79379199451727
"1137","FR7",23,0.132121905977754,-0.561042809559566,0.825286621515073
"1138","FR13",23,0.090411850269763,-0.67720683012613,0.858030530665656
"1139","FR91",23,0.102209967886808,-0.603116382148436,0.807536317922052
"1140","FR92",23,0.140321823279301,-0.570201999496588,0.850845646055189
"1141","FR81",24,0.223376489043416,-0.491817361122157,0.93857033920899
"1142","FR5",24,0.20655969434212,-0.496969177322579,0.910088566006818
"1143","FR77",24,0.219088544255226,-0.482003152094255,0.920180240604706
"1144","FR32",24,0.150160426726613,-0.545353223222558,0.845674076675783
"1145","FR25",24,0.20985596913852,-0.480457229814907,0.900169168091947
"1146","FR47",24,0.212215783156838,-0.485130103486943,0.909561669800619
"1147","FR18",24,0.205425087291214,-0.483165866549501,0.894016041131929
"1148","FR40",24,0.230934262443091,-0.4735781307707,0.935446655656882
"1149","FR41",24,0.214941836218077,-0.47433038868427,0.904214061120424
"1150","FR21",24,0.287133994243883,-0.434183017799486,1.00845100628725
"1151","FR29",24,0.199189704394848,-0.491753870040837,0.890133278830533
"1152","FR76",24,0.223168024617332,-0.482264912734861,0.928600961969525
"1153","FR38",24,0.235210560547512,-0.493127050629903,0.963548171724927
"1154","FR89",24,0.217185233515812,-0.500287173091749,0.934657640123373
"1155","FR23",24,0.203197111859586,-0.485208174696289,0.891602398415462
"1156","FR7",24,0.222573228697611,-0.466052863217074,0.911199320612295
"1157","FR13",24,0.133589340923947,-0.67374036929142,0.940919051139314
"1158","FR91",24,0.126682946293994,-0.569759345575206,0.823125238163194
"1159","FR92",24,0.208025173024532,-0.486371787926045,0.902422133975109
"1160","FR81",25,-0.0420520560563912,-0.795500919249798,0.711396807137015
"1161","FR5",25,0.10602176963,-0.671852703745762,0.883896243005762
"1162","FR77",25,-0.0602417837242711,-0.824790217179139,0.704306649730597
"1163","FR32",25,-0.0994007878966687,-0.845046371516842,0.646244795723504
"1164","FR25",25,-0.0503665662863487,-0.790588865607219,0.689855733034522
"1165","FR47",25,-0.0488152221836795,-0.818251477338305,0.720621032970945
"1166","FR18",25,-0.0501970457917756,-0.791820709781692,0.691426618198141
"1167","FR40",25,-0.0153565143978281,-0.777238585537841,0.746525556742185
"1168","FR41",25,-0.0492371114299715,-0.791116758829192,0.692642535969249
"1169","FR21",25,-0.0861904599244666,-0.838152254241352,0.665771334392419
"1170","FR29",25,-0.124590916315693,-0.873037144331874,0.623855311700487
"1171","FR76",25,-0.0638345394541204,-0.855742954512615,0.728073875604374
"1172","FR38",25,-0.0511060582574625,-0.822477123148801,0.720265006633876
"1173","FR89",25,-0.0515318226476678,-0.839691035817724,0.736627390522388
"1174","FR23",25,-0.0512634434166267,-0.790399764663844,0.687872877830591
"1175","FR7",25,-0.0477422730212874,-0.787010947929432,0.691526401886858
"1176","FR13",25,-0.105795477263064,-0.907579939062351,0.695988984536223
"1177","FR91",25,-0.0449075071845193,-0.792801810498799,0.702986796129761
"1178","FR92",25,-0.0349164437590146,-0.778378145295555,0.708545257777525
"1179","FR81",26,0.513798301005511,-0.143524998015729,1.17112160002675
"1180","FR5",26,0.528332342862803,-0.0977466266213671,1.15441131234697
"1181","FR77",26,0.420325090666159,-0.182746378109281,1.0233965594416
"1182","FR32",26,0.414170559963782,-0.185628053844635,1.0139691737722
"1183","FR25",26,0.411942870483739,-0.187539826496245,1.01142556746372
"1184","FR47",26,0.423080962091377,-0.181952885837928,1.02811481002068
"1185","FR18",26,0.412115146630975,-0.187827818425861,1.01205811168781
"1186","FR40",26,0.409531982253577,-0.197071239778195,1.01613520428535
"1187","FR41",26,0.41229651434386,-0.187617539791234,1.01221056847895
"1188","FR21",26,0.519646483266608,-0.111725337273375,1.15101830380659
"1189","FR29",26,0.404930608828813,-0.195548506260385,1.00540972391801
"1190","FR76",26,0.460002013863042,-0.17197457717334,1.09197860489942
"1191","FR38",26,0.651003730424016,-0.0107560615494705,1.3127635223975
"1192","FR89",26,0.439900443692112,-0.175571583930167,1.05537247131439
"1193","FR23",26,0.410114447453405,-0.188649421404473,1.00887831631128
"1194","FR7",26,0.40578493947678,-0.193638177951054,1.00520805690461
"1195","FR13",26,-0.161413831786559,-0.820056260566222,0.497228596993104
"1196","FR91",26,0.285022198424124,-0.32235699331591,0.892401390164157
"1197","FR92",26,0.414540161005333,-0.18688070608309,1.01596102809376
"1198","FR81",27,0.284881572983771,-0.461848850570429,1.03161199653797
"1199","FR5",27,0.185956522740694,-0.593478289924492,0.96539133540588
"1200","FR77",27,0.292351258001544,-0.466436238886732,1.05113875488982
"1201","FR32",27,0.250557943692806,-0.498376144856224,0.999492032241837
"1202","FR25",27,0.286784645764301,-0.465883261545174,1.03945255307378
"1203","FR47",27,0.272521697826704,-0.478819601047922,1.02386299670133
"1204","FR18",27,0.279334085097495,-0.463975919394251,1.02264408958924
"1205","FR40",27,0.340298886274419,-0.427298256637803,1.10789602918664
"1206","FR41",27,0.27169801812741,-0.471654998071039,1.01505103432586
"1207","FR21",27,0.217559030880186,-0.568452173864826,1.0035702356252
"1208","FR29",27,0.260196030188476,-0.489474720950728,1.00986678132768
"1209","FR76",27,0.318780436360476,-0.472248199060728,1.10980907178168
"1210","FR38",27,0.305324556043818,-0.442425806356526,1.05307491844416
"1211","FR89",27,0.376371002754163,-0.501630635693674,1.254372641202
"1212","FR23",27,0.277861980905893,-0.46378480477635,1.01950876658814
"1213","FR7",27,0.251632134495959,-0.490782347820037,0.994046616811955
"1214","FR13",27,0.400263942171293,-0.373016529919732,1.17354441426232
"1215","FR91",27,0.142799067481363,-0.602623194070295,0.88822132903302
"1216","FR92",27,0.283990965195537,-0.460257090083772,1.02823902047485
"1217","FR81",28,0.424172139835698,-0.432749189947049,1.28109346961845
"1218","FR5",28,0.261913696971226,-0.520293284872567,1.04412067881502
"1219","FR77",28,0.320415756068602,-0.452877436700868,1.09370894883807
"1220","FR32",28,0.355864494491694,-0.415456128606658,1.12718511759005
"1221","FR25",28,0.308360300164529,-0.455885174586101,1.07260577491516
"1222","FR47",28,0.314057225650375,-0.463321926201971,1.09143637750272
"1223","FR18",28,0.305062164505232,-0.456840355074375,1.06696468408484
"1224","FR40",28,0.428958849465901,-0.378865859170692,1.23678355810249
"1225","FR41",28,0.303801783615872,-0.458253946941989,1.06585751417373
"1226","FR21",28,0.268240735952756,-0.503309272553944,1.03979074445946
"1227","FR29",28,0.298123066081197,-0.469286373861584,1.06553250602398
"1228","FR76",28,0.329534189133672,-0.443043069402001,1.10211144766934
"1229","FR38",28,0.605844810756046,-0.284762955325914,1.49645257683801
"1230","FR89",28,0.31051494284531,-0.454541091959016,1.07557097764964
"1231","FR23",28,0.329692788267871,-0.448848755399392,1.10823433193513
"1232","FR7",28,0.323407324142541,-0.441632611650548,1.08844725993563
"1233","FR13",28,-0.00783725477124533,-0.798159005741576,0.782484496199085
"1234","FR91",28,0.080249905921674,-0.689266582178906,0.849766394022254
"1235","FR92",28,0.325895848720352,-0.436881873734192,1.0886735711749
"1236","FR81",29,0.384511417271798,-0.369225960646702,1.1382487951903
"1237","FR5",29,0.422451855068791,-0.314594788442192,1.15949849857977
"1238","FR77",29,0.396980944747441,-0.354979384392527,1.14894127388741
"1239","FR32",29,0.380043590934086,-0.351393284178334,1.11148046604651
"1240","FR25",29,0.370546861931354,-0.359023227541592,1.1001169514043
"1241","FR47",29,0.369691861303747,-0.363346661025068,1.10273038363256
"1242","FR18",29,0.362619809401469,-0.364394093413975,1.08963371221691
"1243","FR40",29,0.471417398752184,-0.299000105299053,1.24183490280342
"1244","FR41",29,0.356346289091137,-0.370906853654541,1.08359943183682
"1245","FR21",29,0.305298358280947,-0.465103676509969,1.07570039307186
"1246","FR29",29,0.351636194376155,-0.37850044020098,1.08177282895329
"1247","FR76",29,0.414666316746346,-0.395546953223,1.22487958671569
"1248","FR38",29,0.361906890041901,-0.365560036750227,1.08937381683403
"1249","FR89",29,0.414040674069246,-0.343433208948164,1.17151455708666
"1250","FR23",29,0.362927596962188,-0.363702046322963,1.08955724024734
"1251","FR7",29,0.33765075542746,-0.389798987823681,1.0651004986786
"1252","FR13",29,0.142758357215652,-0.662110481970389,0.947627196401693
"1253","FR91",29,0.264892949456484,-0.469114762359767,0.998900661272736
"1254","FR92",29,0.383746788340234,-0.343060425465471,1.11055400214594
"1255","FR81",30,0.289333604359367,-0.567804545317235,1.14647175403597
"1256","FR5",30,0.361409447287391,-0.469570374984965,1.19238926955975
"1257","FR77",30,0.330292535109251,-0.488106271269682,1.14869134148818
"1258","FR32",30,0.311146318653033,-0.518058935076621,1.14035157238269
"1259","FR25",30,0.352683702685922,-0.488460965750354,1.1938283711222
"1260","FR47",30,0.332183912492682,-0.495827088672986,1.16019491365835
"1261","FR18",30,0.339516186039312,-0.481446485182755,1.16047885726138
"1262","FR40",30,0.34436707998049,-0.491599648313696,1.18033380827468
"1263","FR41",30,0.371796887063327,-0.456443774015012,1.20003754814167
"1264","FR21",30,0.191404592571601,-0.662918347072949,1.04572753221615
"1265","FR29",30,0.299570808263262,-0.519716016093909,1.11885763262043
"1266","FR76",30,0.345610370651581,-0.474171534997703,1.16539227630087
"1267","FR38",30,0.540993038346994,-0.345548188266925,1.42753426496091
"1268","FR89",30,0.377000692779347,-0.485978853051249,1.23998023860994
"1269","FR23",30,0.357175152179494,-0.470106614251794,1.18445691861078
"1270","FR7",30,0.321457062576489,-0.494137860694033,1.13705198584701
"1271","FR13",30,0.361089359939645,-0.500669624245019,1.22284834412431
"1272","FR91",30,0.103210532893031,-0.717950362235565,0.924371428021626
"1273","FR92",30,0.233948423133854,-0.598292896655755,1.06618974292346
"1274","FR81",31,-0.379927571579035,-1.04708070062533,0.287225557467259
"1275","FR5",31,-0.261475888901297,-0.964347537095887,0.441395759293293
"1276","FR77",31,-0.401099142867112,-1.06747523024643,0.265276944512208
"1277","FR32",31,-0.385923816469305,-1.03785033751475,0.26600270457614
"1278","FR25",31,-0.374543828985561,-1.026933454502,0.277845796530878
"1279","FR47",31,-0.379639952694611,-1.03165165483962,0.272371749450397
"1280","FR18",31,-0.379061372487465,-1.02661913011241,0.268496385137481
"1281","FR40",31,-0.367016739462843,-1.02230800106172,0.28827452213603
"1282","FR41",31,-0.37535163632595,-1.02319357435955,0.272490301707649
"1283","FR21",31,-0.336983720344803,-1.01971609784339,0.345748657153787
"1284","FR29",31,-0.412971085438066,-1.07498394168995,0.249041770813818
"1285","FR76",31,-0.435940868478063,-1.13131426645295,0.259432529496822
"1286","FR38",31,-0.32736243700778,-1.01864234896748,0.363917474951916
"1287","FR89",31,-0.378920982774133,-1.05751910568977,0.299677140141506
"1288","FR23",31,-0.377781314553822,-1.02947146878174,0.273908839674098
"1289","FR7",31,-0.352176403041017,-1.00176958917215,0.29741678309012
"1290","FR13",31,-0.419882116233743,-1.09522070596346,0.255456473495978
"1291","FR92",31,-0.363953640310942,-1.01587212975547,0.287964849133589
"1292","FR81",32,0.293443589829024,-0.479767395072751,1.0666545747308
"1293","FR5",32,0.11123871492969,-0.663952551895312,0.886429981754691
"1294","FR77",32,0.302946830835732,-0.463779166418134,1.0696728280896
"1295","FR32",32,0.25388965413329,-0.496518065608296,1.00429737387488
"1296","FR25",32,0.264451306091921,-0.474420719099884,1.00332333128373
"1297","FR47",32,0.264492344084934,-0.492932818771302,1.02191750694117
"1298","FR18",32,0.264454930154157,-0.477957148400957,1.00686700870927
"1299","FR40",32,0.288583903466626,-0.459692716141452,1.0368605230747
"1300","FR41",32,0.268821061399991,-0.473107976533666,1.01075009933365
"1301","FR21",32,0.197337719871278,-0.553742015468591,0.948417455211147
"1302","FR29",32,0.285193176813206,-0.466061634963801,1.03644798859021
"1303","FR76",32,0.270076681620688,-0.498389193992826,1.0385425572342
"1304","FR38",32,0.262436717649666,-0.486802184383242,1.01167561968257
"1305","FR89",32,0.32277947123008,-0.461533816362174,1.10709275882233
"1306","FR23",32,0.268381588181362,-0.475210632414369,1.01197380877709
"1307","FR7",32,0.232367666878814,-0.524669193990929,0.989404527748558
"1308","FR13",32,0.151867894028683,-0.620135172912374,0.92387096096974
"1309","FR92",32,0.349607132343487,-0.413907017505013,1.11312128219199
"1310","FR81",33,0.069606721076127,-0.597381175679154,0.736594617831408
"1311","FR5",33,0.144782457303496,-0.566860838741583,0.856425753348575
"1312","FR77",33,0.0964921908938041,-0.600229033107351,0.793213414894959
"1313","FR32",33,0.034988951439759,-0.627616954903849,0.697594857783367
"1314","FR25",33,0.0571932805763391,-0.600723302008929,0.715109863161608
"1315","FR47",33,0.0614584080789761,-0.597344933924339,0.720261750082291
"1316","FR18",33,0.0564416561612453,-0.60029586347138,0.71317917579387
"1317","FR40",33,0.094394425214602,-0.592274509930466,0.781063360359671
"1318","FR41",33,0.0581385538563931,-0.599555536873339,0.715832644586125
"1319","FR21",33,-0.0772203013525872,-0.748615559708169,0.594174957002994
"1320","FR29",33,0.0883694849877999,-0.585508522191183,0.762247492166783
"1321","FR76",33,0.074503409713473,-0.590742618860828,0.739749438287774
"1322","FR38",33,0.0994726580331657,-0.568213428801835,0.767158744868166
"1323","FR89",33,0.0596782475070944,-0.640647611146694,0.760004106160883
"1324","FR23",33,0.0600456054587768,-0.599280084371023,0.719371295288577
"1325","FR7",33,0.0380784234036773,-0.621236958700527,0.697393805507882
"1326","FR13",33,-0.11563881016544,-0.820683618979974,0.589405998649093
"1327","FR92",33,0.107362972346458,-0.559425295743474,0.77415124043639
"1328","FR81",34,0.0175514331162664,-0.821095790774632,0.856198657007165
"1329","FR5",34,0.191866898151967,-0.666167550549566,1.0499013468535
"1330","FR77",34,0.10626352449654,-0.716990714740446,0.929517763733526
"1331","FR32",34,0.101142579409739,-0.699341750465629,0.901626909285108
"1332","FR25",34,0.103850038089867,-0.695826370091801,0.903526446271535
"1333","FR47",34,0.0974148615419327,-0.710689636462183,0.905519359546048
"1334","FR18",34,0.115901068946425,-0.692966759552448,0.924768897445297
"1335","FR40",34,0.0755900530900181,-0.749863453283572,0.901043559463608
"1336","FR41",34,0.0972230645117521,-0.710662962050074,0.905109091073578
"1337","FR21",34,-0.0167589599501557,-0.828927440552795,0.795409520652483
"1338","FR29",34,0.0532965748955776,-0.771038145845763,0.877631295636918
"1339","FR76",34,0.0959803572923157,-0.7459745188877,0.937935233472332
"1340","FR38",34,0.0850842611710953,-0.740328524869967,0.910497047212158
"1341","FR89",34,0.122794442346107,-0.695351830826557,0.940940715518771
"1342","FR23",34,0.103047337445003,-0.697172516435101,0.903267191325107
"1343","FR7",34,0.146377523288262,-0.666570574043649,0.959325620620173
"1344","FR13",34,0.19586979366276,-0.632245923753581,1.0239855110791
"1345","FR92",34,0.117312618965368,-0.698525868113665,0.933151106044401
"1346","FR81",35,0.257746159822732,-0.543399270158751,1.05889158980422
"1347","FR5",35,0.200099484667757,-0.601489446670518,1.00168841600603
"1348","FR77",35,0.258681777301187,-0.546511685219053,1.06387523982143
"1349","FR32",35,0.16259203157177,-0.640375035782724,0.965559098926265
"1350","FR25",35,0.247848548182668,-0.542940647312363,1.0386377436777
"1351","FR47",35,0.246793477193583,-0.549172557944956,1.04275951233212
"1352","FR18",35,0.245697287415546,-0.545549434623805,1.0369440094549
"1353","FR40",35,0.351791795220644,-0.502595013180441,1.20617860362173
"1354","FR41",35,0.248175883705404,-0.543897399302491,1.0402491667133
"1355","FR21",35,0.391577157198346,-0.443694569939093,1.22684888433579
"1356","FR29",35,0.17291301328877,-0.686514483569315,1.03234051014685
"1357","FR76",35,0.258377539699873,-0.589540513188944,1.10629559258869
"1358","FR38",35,0.224284843577043,-0.576983715597818,1.0255534027519
"1359","FR89",35,0.255806089795116,-0.54634576425693,1.05795794384716
"1360","FR23",35,0.242261993201874,-0.547988806400925,1.03251279280467
"1361","FR7",35,0.0399350478881652,-0.767219879765453,0.847089975541783
"1362","FR13",35,0.150573550511386,-0.688857757352648,0.990004858375421
"1363","FR92",35,0.417430044741539,-0.391306399602873,1.22616648908595
"1364","FR81",36,0.286424445083245,-0.608103837855869,1.18095272802236
"1365","FR5",36,0.416413596446591,-0.475516233835984,1.30834342672917
"1366","FR77",36,0.373074710334657,-0.544290492882576,1.29043991355189
"1367","FR32",36,0.300638227874497,-0.571883010610494,1.17315946635949
"1368","FR25",36,0.332664328166392,-0.556612796541615,1.2219414528744
"1369","FR47",36,0.343777466000734,-0.555047989740469,1.24260292174194
"1370","FR18",36,0.319644242663235,-0.545004852921311,1.18429333824778
"1371","FR40",36,0.441430179320618,-0.471429062191435,1.35428942083267
"1372","FR41",36,0.318766454084656,-0.545883855617521,1.18341676378683
"1373","FR21",36,0.378483416760368,-0.54105211479061,1.29801894831135
"1374","FR29",36,0.275804079673517,-0.59465297408571,1.14626113343274
"1375","FR76",36,0.332460111224381,-0.558016215790262,1.22293643823902
"1376","FR38",36,0.282978899737697,-0.594146740724239,1.16010454019963
"1377","FR89",36,0.372597588549863,-0.519048138408638,1.26424331550836
"1378","FR23",36,0.323618855494804,-0.544706345335472,1.19194405632508
"1379","FR7",36,0.202581194413515,-0.664380940972999,1.06954332980003
"1380","FR13",36,0.0616448873876665,-0.870132973377738,0.993422748153071
"1381","FR92",36,0.367667304609115,-0.501781120843276,1.2371157300615
