"","fire_id","HEXID","PreCaseCount","PostCaseCount","year","igntn_d","acres","JnksSzC","HexArea","ignition_d","OnsetMonth","OnsetMonth1","OnsetMonth2","OnsetMonth3","OnsetMonth4","OnsetMonth5","OnsetMonth6","OnsetMonth7","OnsetMonth8","OnsetMonth9","OnsetMonth10","OnsetMonth11","OnsetMonth12","OnsetMonth13","OnsetMonth14","OnsetMonth15","OnsetMonth16","OnsetMonth17","OnsetMonth18","OnsetMonth19","OnsetMonth20","OnsetMonth21","OnsetMonth22","OnsetMonth23","OnsetMonth24","OnsetMonth25","OnsetMonth26","OnsetMonth27","OnsetMonth28","OnsetMonth29","OnsetMonth30","OnsetMonth31","OnsetMonth32","OnsetMonth33","OnsetMonth34","OnsetMonth35","OnsetMonth36","OnsetMonth37","OnsetMonth38","OnsetMonth39","OnsetMonth40","OnsetMonth41","OnsetMonth42","OnsetMonth43","OnsetMonth44","OnsetMonth45","OnsetMonth46","OnsetMonth47","OnsetMonth48","OnsetMonth49","OnsetMonth50","OnsetMonth51","OnsetMonth52","OnsetMonth53","OnsetMonth54","OnsetMonth55","OnsetMonth56","OnsetMonth57","OnsetMonth58","OnsetMonth59","OnsetMonth60","OnsetMonth61","OnsetMonth62","OnsetMonth63","OnsetMonth64","OnsetMonth65","OnsetMonth66","OnsetMonth67","OnsetMonth68","OnsetMonth69","OnsetMonth70","OnsetMonth71","OnsetMonth72","OnsetMonth73","OnsetMonth74","OnsetMonth75","OnsetMonth76","OnsetMonth77","OnsetMonth78","OnsetMonth79","OnsetMonth80","OnsetMonth81","OnsetMonth82","OnsetMonth83","OnsetMonth84","OnsetMonth85","OnsetMonth86","OnsetMonth87","OnsetMonth88","OnsetMonth89","OnsetMonth90","OnsetMonth91","OnsetMonth92","OnsetMonth93","OnsetMonth94","OnsetMonth95","OnsetMonth96","OnsetMonth97","OnsetMonth98","OnsetMonth99","OnsetMonth100","OnsetMonth101","OnsetMonth102","OnsetMonth103","OnsetMonth104","OnsetMonth105","OnsetMonth106","OnsetMonth107","OnsetMonth108","OnsetMonth109","OnsetMonth110","OnsetMonth111","OnsetMonth112","OnsetMonth113","OnsetMonth114","OnsetMonth115","OnsetMonth116","OnsetMonth117","OnsetMonth118","OnsetMonth119","OnsetMonth120","OnsetMonth121","OnsetMonth122","OnsetMonth123","OnsetMonth124","OnsetMonth125","OnsetMonth126","OnsetMonth127","OnsetMonth128","OnsetMonth129","OnsetMonth130","OnsetMonth131","OnsetMonth132","OnsetMonth133","OnsetMonth134","OnsetMonth135","OnsetMonth136","OnsetMonth137","OnsetMonth138","OnsetMonth139","OnsetMonth140","OnsetMonth141","OnsetMonth142","OnsetMonth143","OnsetMonth144","OnsetMonth145","OnsetMonth146","OnsetMonth147","OnsetMonth148","OnsetMonth149","OnsetMonth150","OnsetMonth151","OnsetMonth152","OnsetMonth153","OnsetMonth154","OnsetMonth155","OnsetMonth156","OnsetMonth157","OnsetMonth158","OnsetMonth159","OnsetMonth160","OnsetMonth161","OnsetMonth162","OnsetMonth163","OnsetMonth164","OnsetMonth165","OnsetMonth166","OnsetMonth167","OnsetMonth168","OnsetMonth169","OnsetMonth170","OnsetMonth171","OnsetMonth172","OnsetMonth173","OnsetMonth174","OnsetMonth175","OnsetMonth176","OnsetMonth177","OnsetMonth178","OnsetMonth179","OnsetMonth180","OnsetMonth181","OnsetMonth182","OnsetMonth183","OnsetMonth184","OnsetMonth185","OnsetMonth186","OnsetMonth187","OnsetMonth188","OnsetMonth189","OnsetMonth190","OnsetMonth191","OnsetMonth192","OnsetMonth193","OnsetMonth194","OnsetMonth195","OnsetMonth196","OnsetMonth197","OnsetMonth198","OnsetMonth199","OnsetMonth200","OnsetMonth201","OnsetMonth202","OnsetMonth203","OnsetMonth204","OnsetMonth205","OnsetMonth206","OnsetMonth207","OnsetMonth208","OnsetMonth209","OnsetMonth210","OnsetMonth211","OnsetMonth212","OnsetMonth213","OnsetMonth214","OnsetMonth215","OnsetMonth216","polycounts_Total","start_tally"
"1","CA3481111887720050903","FR64",4,5,2005,"2005/09/3",2439,"S",779423226.812159,"2005-09-03",68,0,0,0,0,0,1,0,0,0,0,0,0,0,0,0,0,0,0,0,0,1,0,0,0,0,0,0,0,1,1,0,0,0,0,0,0,0,1,0,0,0,0,0,0,0,0,1,0,2,0,0,0,0,0,1,0,1,0,1,0,0,0,0,0,0,0,1,0,0,0,0,0,0,0,0,0,0,0,0,0,0,0,0,0,0,0,0,0,0,0,1,0,0,0,0,1,0,0,1,0,0,0,1,0,1,0,0,0,0,0,0,0,0,0,0,0,0,0,0,1,0,0,0,0,0,0,0,0,2,0,1,1,0,0,0,0,0,1,0,1,0,1,0,0,0,0,0,0,0,0,0,2,0,1,1,0,0,0,0,0,0,1,1,0,0,0,0,0,0,1,1,0,0,0,0,0,0,0,2,0,1,0,0,0,0,0,0,0,0,0,0,0,0,0,0,0,0,0,0,1,1,0,1,0,0,0,0,1,0,0,0,3,1,1,0,0,45,32
"2","CA3483911890520100824","FR65",4,5,2010,"2010/08/24",1454,"S",779423226.812159,"2010-08-24",128,0,0,0,0,0,1,0,0,0,0,0,0,0,0,0,0,0,0,0,0,1,0,0,0,0,0,0,0,1,1,0,0,0,0,0,0,0,1,0,0,0,0,0,0,0,0,1,0,2,0,0,0,0,0,1,0,1,0,1,0,0,0,0,0,0,0,1,0,0,0,0,0,0,0,0,0,0,0,0,0,0,0,0,0,0,0,0,0,0,0,1,0,0,0,0,1,0,0,1,0,0,0,1,0,1,0,0,0,0,0,0,0,0,0,0,0,0,0,0,1,0,0,0,0,0,0,0,1,2,0,1,1,0,0,0,0,0,2,0,1,0,1,0,0,0,1,0,0,0,0,0,2,0,1,1,0,0,0,0,0,0,1,1,0,1,0,0,0,0,1,1,0,0,0,0,0,0,0,2,0,1,0,0,0,0,0,0,0,0,1,0,0,0,0,0,0,0,0,0,1,1,0,1,0,0,0,0,1,0,0,0,3,1,1,0,0,50,92
"3","CA3485211888620030630","FR55",4,5,2003,"2003/06/30",1195,"S",779423226.812159,"2003-06-30",42,0,0,0,0,0,1,0,0,0,0,0,0,0,0,0,0,0,0,0,0,1,0,0,0,0,0,0,0,1,1,0,0,0,0,0,0,0,1,0,0,0,0,0,0,0,0,1,0,2,0,0,0,0,0,1,0,1,0,1,0,0,0,0,0,0,0,1,0,0,0,0,0,0,0,0,0,0,0,0,0,0,0,0,0,0,0,0,0,0,0,1,0,0,0,0,1,0,0,1,0,0,0,1,0,1,0,0,0,0,0,0,0,0,0,0,0,0,0,0,1,0,0,0,0,0,0,0,1,2,0,1,1,0,0,0,0,0,2,0,1,0,1,0,0,0,1,0,0,0,0,0,2,0,1,1,0,0,0,0,0,0,1,1,0,1,0,0,0,0,1,1,0,0,0,0,0,0,0,2,0,1,0,0,0,0,0,0,0,0,1,0,0,0,0,0,0,0,0,0,1,1,0,1,0,0,0,0,1,0,0,0,3,1,1,0,0,50,6
"4","CA3490211891020030720","FR60",6,5,2003,"2003/07/20",1955,"S",779423226.812159,"2003-07-20",43,0,0,0,0,0,1,0,0,0,0,0,0,0,0,0,0,0,0,0,0,1,0,0,0,0,0,0,0,1,1,0,0,0,0,0,0,0,1,0,0,0,0,0,0,0,0,1,0,1,0,0,1,0,0,1,0,1,0,1,0,0,0,0,1,0,0,1,0,0,0,0,0,0,0,0,0,0,0,0,0,0,0,0,0,0,0,0,0,0,0,1,0,0,0,0,1,0,0,1,0,0,0,1,0,1,0,0,0,0,0,0,0,0,0,0,0,0,0,0,1,0,0,0,0,0,0,0,1,2,0,1,1,0,0,0,0,0,2,0,1,0,1,0,0,0,1,0,0,0,0,0,2,0,1,1,0,0,0,0,0,0,1,1,0,1,0,0,0,0,1,1,0,0,0,0,0,0,0,2,0,1,0,0,0,0,0,0,0,0,1,0,0,0,0,0,0,0,0,0,1,1,0,1,0,0,0,0,1,0,0,0,4,1,1,0,0,52,7
"5","CA3491311929720060722","FR66",3,0,2006,"2006/07/22",2486,"S",779423226.812159,"2006-07-22",79,0,0,0,0,0,0,0,0,0,0,0,0,0,0,0,0,0,0,0,0,0,0,0,0,0,0,0,0,0,0,0,0,0,0,0,0,0,0,0,0,0,0,0,0,0,0,1,0,0,0,0,1,0,0,0,0,0,0,0,0,0,0,0,0,0,0,0,0,0,0,0,0,0,0,0,1,0,0,0,0,0,0,0,0,0,0,1,0,0,0,0,0,0,0,0,0,0,0,0,0,0,0,0,0,0,0,0,0,0,0,0,0,0,0,0,0,0,0,0,0,0,0,0,0,0,0,0,0,0,0,0,1,0,0,0,0,1,0,0,0,0,0,0,0,0,1,0,0,0,0,0,0,0,1,0,0,0,0,0,0,0,1,0,0,0,0,0,0,0,0,0,0,0,0,0,0,0,0,0,0,0,0,0,0,0,0,0,0,0,0,0,0,0,0,0,0,0,0,0,1,0,0,0,1,0,0,0,0,0,0,0,1,0,1,0,0,13,43
"6","CA3498611843120070624","FR70",11,3,2007,"2007/06/24",11784,"M",779423226.812159,"2007-06-24",90,0,0,0,0,0,0,0,0,0,0,0,1,0,1,0,0,0,0,0,0,0,0,0,0,0,0,0,0,0,0,0,0,1,0,0,0,1,0,1,0,0,0,0,0,0,0,0,0,0,0,0,0,1,2,0,0,1,1,0,0,0,0,0,1,0,0,0,0,0,1,0,0,0,0,0,0,0,0,1,2,0,0,1,0,0,0,0,0,0,0,0,0,0,0,0,0,0,1,0,0,1,0,0,0,0,0,0,0,1,0,0,0,0,0,0,0,0,0,1,0,0,0,0,0,0,0,0,0,1,3,1,0,1,1,0,0,1,1,0,1,1,0,0,0,2,0,1,1,0,0,0,0,0,1,2,2,0,0,1,2,1,0,0,2,2,1,0,0,0,0,1,1,0,0,0,0,1,0,0,0,0,0,0,0,0,0,0,2,1,0,0,0,0,0,0,1,1,1,0,2,1,3,2,0,0,0,0,0,0,0,0,2,1,1,1,0,71,54
"7","CA3504112020920030810","FR54",0,0,2003,"2003/08/10",1275,"S",779423226.812159,"2003-08-10",43,0,0,0,0,0,0,0,0,0,0,0,0,0,0,0,0,0,0,0,0,0,0,0,0,0,0,0,0,0,0,0,0,0,0,0,0,0,0,0,0,0,0,0,0,0,0,0,0,0,0,0,0,0,0,0,0,0,0,0,0,0,0,0,0,0,0,0,0,0,0,0,0,0,0,0,0,0,0,0,0,0,0,0,0,0,0,0,0,0,0,0,0,0,0,0,0,0,0,0,0,0,0,0,0,0,0,0,0,0,0,0,0,0,0,0,0,0,0,0,0,0,0,0,0,0,0,0,0,0,0,0,0,0,0,0,0,0,0,0,0,0,0,0,0,0,0,0,0,0,0,0,0,0,0,0,0,0,0,0,0,0,0,0,0,0,0,0,0,0,0,0,0,0,0,0,0,0,0,0,0,0,0,0,0,0,0,0,0,0,0,0,0,0,0,0,0,0,0,0,0,0,0,0,0,0,0,0,0,0,1,0,0,0,0,0,0,1,7
"8","CA3505011989520061011","FR56",0,0,2006,"2006/10/11",1049,"S",779423226.812159,"2006-10-11",81,0,0,0,0,0,0,0,0,0,0,0,0,0,0,0,0,0,0,0,0,0,0,0,0,0,0,0,0,0,0,0,0,0,0,0,0,0,0,0,0,0,0,0,0,0,0,0,0,0,0,0,0,0,0,0,0,0,0,0,0,0,0,0,0,0,0,0,0,0,0,0,0,0,0,0,0,0,0,0,0,0,0,0,0,0,0,0,0,0,0,0,0,0,0,0,0,0,0,0,0,0,0,0,0,0,0,0,0,0,0,0,0,0,0,0,0,0,0,0,0,0,0,0,0,0,0,0,0,0,0,0,0,0,0,0,0,0,0,0,0,0,0,0,0,0,0,0,0,0,0,0,0,0,0,0,0,0,0,0,0,0,0,0,0,0,0,0,0,0,0,0,0,0,0,0,0,0,0,0,0,0,0,0,0,0,0,0,0,0,0,0,0,0,0,0,0,0,0,0,0,0,0,0,0,0,0,0,0,0,0,0,0,0,0,0,0,0,45
"9","CA3506111988620100515","FR57",0,0,2010,"2010/05/15",2083,"S",779423226.812159,"2010-05-15",125,0,0,0,0,0,0,0,0,0,0,0,0,0,0,0,0,0,0,0,0,0,0,0,0,0,0,0,0,0,0,0,0,0,0,0,0,0,0,0,0,0,0,0,0,0,0,0,0,0,0,0,0,0,0,0,0,0,0,0,0,0,0,0,0,0,0,0,0,0,0,0,0,0,0,0,0,0,0,0,0,0,0,0,0,0,0,0,0,0,0,0,0,0,0,0,0,0,0,0,0,0,0,0,0,0,0,0,0,0,0,0,0,0,0,0,0,0,0,0,0,0,0,0,0,0,0,0,0,0,0,0,0,0,0,0,0,0,0,0,0,0,0,0,0,0,0,0,0,0,0,0,0,0,0,0,0,0,0,0,0,0,0,0,0,0,0,0,0,0,0,0,0,0,0,0,0,0,0,0,0,0,0,0,0,0,0,0,0,0,0,0,0,0,0,0,0,0,0,0,0,0,0,0,0,0,0,0,0,0,0,0,0,0,0,0,0,0,89
"10","CA3506611841220100717","FR58",30,23,2010,"2010/07/17",1790,"S",779423226.812159,"2010-07-17",127,0,0,0,1,0,0,0,1,0,0,0,1,0,1,0,0,0,0,0,2,0,2,1,0,0,1,0,0,0,1,0,0,1,0,0,0,1,1,1,0,0,1,1,2,1,0,0,1,2,0,0,0,1,2,1,1,3,1,0,0,1,0,0,2,1,0,1,1,1,1,0,1,1,2,1,1,0,0,2,2,1,0,1,0,0,1,0,2,0,0,4,1,1,3,0,1,2,2,0,1,2,0,0,0,0,0,0,0,1,0,0,0,0,4,1,0,0,2,1,0,1,0,2,0,0,1,1,0,4,6,5,2,3,1,1,1,3,4,1,2,1,2,0,1,2,1,2,2,1,0,2,0,2,2,3,2,1,0,3,2,6,4,0,4,3,3,0,2,0,0,1,1,1,1,0,2,1,0,2,3,0,1,2,1,0,1,3,3,2,2,2,1,3,2,2,2,2,1,3,2,3,5,2,0,0,0,1,2,0,3,0,3,5,1,5,1,248,91
"11","CA3507211843420110904","FR59",12,6,2011,"2011/09/4",14707,"M",779423226.812159,"2011-09-04",140,1,0,0,0,0,0,0,0,0,0,0,1,0,1,0,0,0,0,0,0,0,0,0,0,0,0,0,0,0,1,0,0,1,0,0,0,1,0,1,0,0,1,0,0,0,0,0,0,0,0,0,0,1,2,0,0,1,1,0,0,0,0,0,1,0,0,0,1,0,1,0,0,0,0,0,0,0,0,1,2,0,0,1,0,0,0,0,1,0,0,0,0,0,1,0,1,0,1,0,0,2,0,0,0,0,0,0,0,1,0,0,0,0,0,0,0,0,0,1,0,0,0,0,0,0,0,0,0,2,3,1,0,2,1,1,0,2,1,0,1,1,1,0,0,2,1,2,1,0,0,1,0,1,1,2,2,0,0,2,2,2,0,0,2,2,2,0,1,0,0,1,1,0,0,0,0,1,0,0,0,0,0,0,0,0,0,1,2,2,0,0,0,0,2,0,1,1,1,0,2,2,3,2,0,0,0,0,1,0,2,0,2,1,1,4,0,103,104
"12","CA3507212030220081108","FR61",3,0,2008,"2008/11/8",2598,"S",779423226.812159,"2008-11-08",106,0,0,0,0,0,0,0,0,0,0,0,0,0,0,0,0,0,0,0,0,0,0,0,0,0,0,0,0,0,0,0,0,0,0,0,0,0,0,0,0,0,0,0,0,0,0,0,0,0,0,0,0,0,0,0,0,0,0,0,0,0,0,0,0,0,0,0,0,0,0,0,1,0,0,0,0,0,0,0,0,0,0,2,0,0,0,0,0,0,0,0,0,0,0,0,0,0,0,0,0,0,0,0,0,0,0,0,0,0,0,0,0,0,0,0,0,0,0,0,1,0,0,0,0,0,1,0,0,0,1,0,0,0,0,0,0,0,0,0,0,0,0,0,0,0,0,0,0,0,0,0,0,0,0,0,0,0,0,0,0,0,0,0,0,0,0,0,0,0,0,0,0,1,1,0,0,0,0,0,0,0,0,0,0,0,0,0,0,0,1,1,0,0,0,1,0,0,0,0,0,0,1,0,0,0,0,0,0,0,1,0,0,1,0,2,0,16,70
"13","CA3509311838420050709","FR62",22,20,2005,"2005/07/9",1031,"S",779423226.812159,"2005-07-09",66,0,0,0,1,0,0,0,1,0,0,0,1,0,1,0,0,0,0,0,2,0,2,1,0,0,0,0,0,0,1,0,0,1,0,0,0,1,1,1,0,0,1,1,2,0,0,0,1,1,0,0,0,1,2,1,1,3,1,0,0,0,0,0,2,0,0,1,1,1,1,0,0,1,0,1,0,0,0,2,2,0,0,1,0,0,0,0,2,0,0,3,1,1,2,0,1,2,2,0,1,2,0,0,0,0,0,0,0,1,0,0,0,0,3,1,0,0,0,1,0,1,0,1,0,0,0,1,0,4,6,4,2,2,1,0,1,2,3,1,2,1,2,1,0,2,1,2,1,1,0,2,0,1,2,2,2,0,0,2,2,3,0,0,3,3,2,0,2,0,0,1,1,1,1,0,1,1,0,2,2,0,0,0,0,0,1,2,3,2,1,1,1,2,2,1,1,2,1,2,2,3,4,2,0,0,0,1,1,0,2,0,3,2,1,4,1,191,30
"14","CA3510511831220120717","FR63",23,12,2012,"2012/07/17",1381,"S",779423226.812159,"2012-07-17",151,0,0,0,0,0,0,0,0,0,0,0,1,0,1,0,0,0,0,0,0,0,0,0,0,1,0,0,0,0,1,0,1,0,0,0,0,1,0,2,0,0,1,2,1,0,0,0,0,0,0,0,1,1,2,0,0,1,1,1,0,0,0,1,1,0,0,0,1,0,1,0,1,0,0,1,0,0,1,1,1,0,3,1,1,0,0,2,0,0,0,0,0,1,2,0,0,0,1,0,1,4,0,0,0,0,0,1,0,1,0,0,0,0,1,0,0,0,0,1,0,0,0,0,0,0,0,1,0,2,3,1,0,3,4,0,1,2,1,1,0,1,0,2,2,2,0,2,2,0,1,1,0,0,2,1,2,0,1,1,2,3,1,0,2,2,2,1,1,0,0,1,1,0,0,0,0,1,0,0,0,0,0,0,0,0,1,0,1,4,0,0,0,0,2,1,1,1,1,0,1,1,2,1,1,0,0,0,1,0,0,1,2,0,2,5,0,133,115
"15","CA3511611978620100515","FR67",0,0,2010,"2010/05/15",1039,"S",779423226.812159,"2010-05-15",125,0,0,0,0,0,0,0,0,0,0,0,0,0,0,0,0,0,0,0,0,0,0,0,0,0,0,0,0,0,0,0,0,0,0,0,0,0,0,0,0,0,0,0,0,0,0,0,0,0,0,0,0,0,0,0,0,0,0,0,0,0,0,0,0,0,0,0,0,0,0,0,0,0,0,0,0,0,0,0,0,0,0,0,0,0,0,0,0,0,0,0,0,0,0,0,0,0,0,0,0,0,0,0,0,0,0,0,0,0,0,0,0,0,0,0,0,0,0,0,0,0,0,0,0,0,0,0,0,0,0,0,0,0,0,0,0,0,0,0,0,0,0,0,0,0,0,0,0,0,0,0,0,0,0,0,0,0,0,0,0,0,0,0,0,0,0,0,0,0,0,0,0,0,0,0,0,0,0,0,0,0,0,0,0,0,0,0,0,0,0,0,0,0,0,0,0,0,0,0,0,0,0,0,0,0,0,0,0,0,0,0,0,0,0,0,0,0,89
"16","CA3511711878320110910","FR68",84,47,2011,"2011/09/10",25965,"L",779423226.812159,"2011-09-10",140,0,1,0,1,0,1,0,0,2,0,0,2,1,1,0,0,1,0,0,4,6,2,4,0,1,0,1,3,1,2,1,0,1,0,2,1,0,1,0,0,0,3,0,6,3,6,6,2,5,0,3,3,1,6,6,4,3,2,1,1,1,2,2,1,2,1,2,4,5,0,5,2,2,0,3,3,3,1,2,3,6,3,0,0,1,2,1,3,1,3,0,4,6,7,6,1,3,5,0,1,0,2,2,0,2,0,1,1,1,0,0,1,0,0,0,0,0,1,0,0,4,2,3,0,1,2,2,11,5,8,10,8,3,1,6,4,4,4,5,7,11,8,8,3,1,3,7,4,0,4,2,3,3,4,3,2,2,3,2,5,1,9,5,8,6,5,2,2,0,4,0,0,1,3,2,2,1,2,2,1,3,1,5,0,0,1,1,2,3,3,1,0,1,2,1,0,3,3,4,5,14,15,7,4,4,5,3,4,0,7,6,11,14,17,8,6,597,104
"17","CA3511811837820110910","FR69",2,4,2011,"2011/09/10",8769,"M",779423226.812159,"2011-09-10",140,0,0,0,0,0,0,0,0,0,0,0,0,0,0,0,0,0,0,0,0,0,0,0,0,0,0,0,0,0,0,0,0,0,0,0,0,1,0,0,0,1,0,0,1,0,0,0,1,0,0,0,1,0,0,0,0,0,0,0,0,0,0,0,1,0,0,0,0,0,0,0,0,0,0,0,0,0,0,0,0,0,0,0,0,0,0,0,0,0,0,1,1,1,0,0,0,0,0,0,0,0,0,0,0,0,0,0,0,0,0,0,0,0,0,1,0,0,1,0,0,0,0,0,0,0,0,0,0,1,0,0,1,0,0,0,1,0,0,0,1,0,0,0,0,0,0,0,0,1,0,0,0,0,0,0,0,0,0,1,0,0,0,0,0,2,0,0,0,1,0,0,0,0,0,0,0,0,0,2,0,0,0,0,0,0,0,1,0,0,0,0,0,0,0,0,0,0,0,2,0,1,1,0,0,0,0,0,0,0,0,0,1,1,1,1,0,31,104
"18","CA3518011847820030721","FR17",31,25,2003,"2003/07/21",1320,"S",779423226.812159,"2003-07-21",43,0,0,0,1,0,0,0,1,1,0,0,1,0,1,0,0,0,0,0,2,0,2,1,0,0,1,0,0,0,1,0,0,1,0,0,0,2,1,1,0,1,1,0,3,1,0,0,1,2,0,1,1,1,2,1,1,3,1,0,0,1,0,0,2,1,0,1,1,1,1,0,1,1,2,1,1,0,0,2,2,1,0,1,0,0,1,0,2,0,0,4,1,1,3,1,1,2,2,0,1,2,0,0,0,0,0,0,0,2,0,0,0,0,4,1,0,0,3,1,0,1,0,2,0,0,2,1,0,5,7,6,2,3,1,1,1,3,4,1,2,1,2,1,1,2,1,2,2,1,0,2,0,2,2,3,2,1,0,4,3,6,4,0,4,3,3,0,2,1,0,1,1,1,1,0,2,1,0,2,3,0,1,2,1,0,1,3,3,2,2,2,1,3,2,2,2,2,1,4,2,5,6,2,0,0,0,1,2,0,3,0,4,6,2,6,1,272,7
"19","CA3521111967620060529","FR21",5,3,2006,"2006/05/29",1037,"S",779423226.812159,"2006-05-29",77,0,0,0,0,0,0,1,0,0,0,0,0,0,0,0,0,0,0,1,0,0,0,1,0,0,0,0,0,0,0,0,0,0,0,0,0,0,0,0,0,0,0,1,0,0,0,2,0,0,0,1,0,0,0,1,0,0,0,0,0,0,1,0,0,0,0,0,0,0,2,0,1,0,0,0,0,0,0,0,0,0,0,0,0,0,0,0,0,0,0,0,0,0,0,0,0,0,1,0,0,0,0,1,0,0,0,1,0,0,0,0,0,0,0,0,0,0,0,0,0,0,0,1,0,0,0,0,0,0,0,0,0,0,0,0,0,0,0,0,0,0,1,0,0,0,0,1,0,0,0,0,0,0,0,0,0,0,0,0,0,0,0,0,0,1,0,0,0,0,0,0,0,0,0,0,0,0,0,0,0,0,0,0,0,0,0,0,0,0,0,0,0,0,0,0,0,0,0,0,1,0,1,1,1,0,0,0,0,0,0,0,0,0,0,0,1,24,41
"20","CA3528111983720060711","FR35",0,0,2006,"2006/07/11",1748,"S",779423226.812159,"2006-07-11",78,0,0,0,0,1,0,0,0,0,0,0,0,0,0,0,0,0,0,0,0,0,0,0,0,0,0,0,0,0,0,0,0,0,0,0,0,0,0,0,0,0,0,0,0,0,0,0,0,0,0,0,0,0,0,0,0,0,0,0,0,0,0,0,0,0,0,0,0,0,0,0,0,0,0,0,0,0,0,0,0,0,0,0,0,0,0,0,0,0,0,0,0,0,0,0,0,0,0,0,0,0,0,0,0,0,0,0,0,0,0,0,0,0,0,0,0,0,0,0,0,0,0,0,0,0,0,0,0,1,0,0,1,0,0,0,0,0,0,0,0,0,0,0,0,0,0,0,0,0,0,0,0,0,0,0,0,0,0,0,0,0,0,0,0,0,0,0,0,0,0,0,0,0,0,0,1,0,0,0,0,0,0,0,0,0,0,0,0,0,0,0,0,0,0,0,0,0,0,0,1,1,1,0,0,0,0,0,0,0,0,0,1,0,0,0,0,8,42
"21","CA3531111866520030617","FR41",3,0,2003,"2003/06/17",1246,"S",779423226.812159,"2003-06-17",42,0,0,0,0,0,0,0,0,0,0,0,0,0,0,0,0,0,0,0,0,0,0,0,0,0,0,0,0,0,0,0,0,0,0,0,0,1,0,0,0,0,0,0,0,0,0,2,0,1,0,0,0,0,1,0,1,0,0,0,0,0,0,0,0,0,0,0,0,0,0,0,0,0,0,0,0,0,0,0,0,1,0,0,0,0,0,0,0,0,0,0,0,0,0,0,0,0,0,0,0,0,0,0,0,0,0,0,0,0,0,0,0,0,0,0,0,0,1,0,0,1,0,0,0,0,0,0,0,0,0,0,0,0,0,0,0,0,0,0,0,1,0,0,0,0,0,0,0,0,0,0,0,0,0,0,0,0,0,0,1,0,0,0,0,1,0,1,0,1,0,0,0,0,0,0,0,0,0,0,0,0,0,0,0,0,0,0,0,0,0,0,0,0,0,0,0,1,0,0,0,0,2,1,0,1,0,0,0,0,0,0,0,1,1,1,0,22,6
"22","CA3532912032020100821","FR46",2,4,2010,"2010/08/21",1347,"S",779423226.812159,"2010-08-21",128,0,0,0,0,0,0,0,0,0,0,0,0,0,0,0,0,0,0,0,0,0,0,1,0,1,0,0,0,0,0,0,0,0,0,0,0,0,0,0,0,0,0,0,0,0,0,0,0,0,0,0,0,0,0,0,0,0,0,0,0,0,0,0,0,0,0,0,0,0,0,1,1,0,0,0,0,0,0,0,0,0,0,0,0,0,0,0,0,0,0,0,0,0,0,0,0,0,0,0,0,0,1,0,0,1,1,1,0,0,0,0,0,0,0,0,0,0,0,0,0,0,0,0,0,0,0,0,0,0,0,0,1,0,0,0,0,0,0,1,0,0,1,0,0,0,0,0,0,0,0,0,0,0,0,0,0,0,0,0,0,0,0,0,0,0,0,0,0,0,1,0,0,0,0,0,0,0,0,0,0,0,0,0,0,0,0,0,0,0,0,0,0,0,0,0,0,0,0,0,0,0,0,0,0,0,0,0,0,0,0,0,0,2,1,0,2,17,92
"23","CA3534111823820120810","FR51",0,0,2012,"2012/08/10",12212,"M",779423226.812159,"2012-08-10",151,0,0,0,0,0,0,0,0,0,0,0,0,0,0,0,0,0,0,0,0,0,0,0,0,0,0,0,0,0,0,0,0,0,0,0,0,0,0,0,0,1,0,0,0,0,0,1,0,0,0,0,0,0,0,0,0,0,0,0,0,0,0,0,0,0,0,0,0,0,0,0,0,0,0,0,0,0,0,0,0,0,0,0,0,0,0,0,0,0,0,0,0,0,0,0,0,0,0,0,0,0,0,0,0,0,0,0,0,0,0,0,0,0,0,0,0,0,0,0,0,0,0,0,0,0,0,0,0,0,0,0,0,0,0,0,0,0,0,0,0,0,0,1,0,0,0,0,0,0,0,0,0,0,0,0,0,0,0,1,0,0,0,0,0,0,0,0,0,0,0,0,0,0,0,0,0,0,0,0,0,0,0,0,0,0,0,0,0,0,0,0,0,0,0,1,0,0,0,0,0,0,0,0,0,0,0,0,0,0,0,0,0,0,0,1,0,6,115
"24","CA3537112044520150620","FR6",3,5,2015,"2015/06/20",1796,"S",779423226.812159,"2015-06-20",186,0,0,0,0,0,0,0,0,0,0,0,0,0,0,0,0,0,0,0,0,0,0,1,0,1,0,0,0,0,0,0,0,0,0,0,0,0,0,0,0,0,0,0,0,0,0,0,0,0,0,0,0,0,0,0,0,0,0,0,0,0,0,0,0,0,0,0,0,0,0,1,1,0,0,0,0,0,0,0,0,0,1,0,0,0,0,0,0,0,0,0,0,0,0,0,0,0,0,0,0,0,1,0,0,2,1,1,0,0,0,0,0,0,0,0,0,0,1,0,0,0,0,0,0,0,0,0,0,0,1,1,1,0,0,0,1,0,0,1,0,0,2,0,0,0,1,0,0,0,0,0,0,0,0,0,0,0,0,0,0,1,0,0,0,0,0,0,0,0,1,0,0,0,0,0,0,0,0,0,0,0,0,0,0,0,0,0,0,1,0,0,0,0,0,0,0,0,0,0,2,1,0,0,0,0,0,0,0,0,0,2,0,3,1,0,2,33,150
"25","CA3539511864020110910","FR9",24,8,2011,"2011/09/10",27229,"L",779423226.812158,"2011-09-10",140,1,0,0,0,0,1,0,1,0,0,0,0,1,0,0,0,0,0,0,1,1,1,2,1,1,0,0,0,0,1,1,0,2,1,0,0,1,0,2,0,1,0,0,2,0,1,1,0,0,0,2,0,0,0,1,2,1,1,2,1,1,0,0,0,0,0,1,3,2,2,0,1,1,0,1,1,0,0,0,1,0,0,0,0,1,1,0,1,0,0,0,1,1,0,0,1,0,0,0,0,0,0,0,1,1,0,0,0,0,0,2,0,0,1,0,0,0,0,0,1,0,1,0,0,0,1,1,0,1,7,6,2,0,0,0,1,2,2,1,4,3,5,3,0,2,1,1,1,0,2,1,0,2,3,3,1,1,0,0,2,1,2,0,1,0,1,1,0,0,0,2,1,0,1,2,1,0,2,0,0,1,0,1,0,0,0,0,1,1,0,0,0,0,1,2,0,0,1,2,4,5,5,4,2,0,1,0,0,1,1,2,0,6,8,3,1,188,104
"26","CA3541611826720060805","FR10",1,0,2006,"2006/08/5",2386,"S",779423226.812159,"2006-08-05",79,0,0,0,0,0,0,0,0,0,0,0,0,0,0,0,0,0,0,0,0,0,0,0,0,0,0,0,0,0,0,0,0,0,0,0,0,0,0,0,0,1,0,0,0,0,0,1,0,0,0,0,0,0,0,0,0,0,0,0,0,0,0,0,0,0,0,0,0,0,1,0,0,0,0,0,0,0,0,0,0,0,0,0,0,0,0,0,0,0,0,0,0,0,0,0,0,0,0,0,0,0,0,0,0,0,0,0,0,0,0,0,0,0,0,0,0,0,0,0,0,0,0,0,0,0,0,0,0,0,0,0,0,0,0,0,0,0,0,0,0,0,0,0,0,0,0,0,0,0,0,0,0,0,0,0,0,1,0,1,0,0,0,0,0,0,0,0,0,0,0,0,0,0,0,0,0,0,0,0,0,0,0,0,0,0,0,0,0,0,0,0,0,0,0,0,0,0,0,0,0,0,0,0,0,0,0,0,0,0,0,0,0,0,0,2,0,7,43
"27","CA3541612046820030720","FR11",9,11,2003,"2003/07/20",1258,"S",779423226.812159,"2003-07-20",43,0,0,0,0,0,0,0,0,0,0,0,0,0,0,0,0,0,0,0,0,0,0,1,0,1,1,1,1,0,0,0,0,0,1,0,0,0,0,0,0,0,0,0,0,0,0,1,0,1,0,0,0,0,0,1,0,0,1,0,0,0,0,0,0,0,0,0,0,0,0,1,1,0,0,0,0,0,0,1,2,0,1,1,0,0,0,0,0,0,0,0,2,0,0,1,0,0,0,0,0,0,1,0,0,2,2,1,0,1,0,0,1,0,0,0,0,0,2,0,0,0,0,0,0,0,0,0,1,1,3,1,2,0,0,0,2,0,0,1,2,0,3,0,0,1,1,0,0,1,0,0,1,0,0,0,0,0,0,0,0,1,0,0,0,1,0,0,0,0,1,0,0,0,0,0,0,0,0,0,0,0,0,0,0,0,0,0,0,1,0,0,1,0,0,0,0,0,1,0,3,3,3,3,2,1,0,1,0,0,1,3,0,3,5,4,3,91,7
"28","CA3543011843920030723","FR12",2,2,2003,"2003/07/23",1051,"S",779423226.812159,"2003-07-23",43,0,0,0,0,0,0,0,0,0,0,0,0,0,0,0,0,0,0,0,0,0,0,0,0,0,0,0,0,0,0,0,0,0,0,0,0,0,0,0,0,1,0,0,0,0,0,1,0,0,0,0,0,0,0,0,0,0,0,0,0,0,0,0,0,0,1,0,0,0,0,0,0,0,0,0,0,0,0,1,0,0,0,0,0,0,0,0,0,0,0,0,0,1,0,1,0,0,0,0,0,0,0,0,0,0,0,0,0,0,0,0,0,0,0,0,0,0,0,0,0,0,0,0,0,0,0,0,0,0,0,0,0,0,0,0,0,0,0,0,0,0,0,0,0,0,0,0,0,0,1,0,0,0,0,1,0,1,0,1,0,1,0,0,0,0,0,0,0,0,0,0,0,0,0,0,0,0,0,0,0,0,0,0,0,0,0,0,0,0,0,0,0,0,0,0,0,0,0,0,1,0,1,0,0,0,0,0,0,0,0,0,0,0,0,2,0,15,7
"29","CA3549511834020080628","FR19",2,0,2008,"2008/06/28",36251,"L",779423226.812159,"2008-06-28",102,0,0,0,0,0,0,0,0,0,0,0,0,0,0,0,0,0,0,0,0,0,0,0,0,0,0,0,0,0,0,0,0,0,0,0,0,0,0,0,0,0,0,0,0,0,0,1,0,0,0,0,0,0,0,0,0,0,0,1,0,0,0,0,0,0,0,0,0,0,1,0,0,0,0,0,0,0,0,0,0,0,0,0,0,0,0,0,0,0,0,0,0,0,0,0,0,0,0,0,0,0,0,0,0,0,0,0,0,0,0,0,0,0,0,0,0,0,0,0,0,0,0,0,0,0,0,0,0,0,0,0,0,0,0,0,0,0,0,0,0,0,0,0,0,0,0,0,0,0,0,0,0,0,0,1,0,1,0,0,0,0,0,0,0,0,0,1,0,0,0,0,0,0,0,0,0,0,0,1,0,0,0,0,0,0,0,0,0,0,0,0,0,0,0,0,0,0,0,0,1,0,1,0,0,0,0,0,0,0,1,0,0,0,0,1,0,11,66
"30","CA3550411987920110619","FR22",0,0,2011,"2011/06/19",5262,"S",779423226.812159,"2011-06-19",138,0,0,0,0,0,0,0,0,0,0,0,0,0,0,0,0,0,0,0,0,0,1,1,0,0,0,0,0,0,0,0,0,0,1,0,0,0,0,0,0,0,0,0,0,0,0,0,0,0,0,0,0,0,0,0,0,0,0,0,0,0,0,0,0,0,0,0,0,0,0,0,0,0,0,0,0,0,0,0,0,0,0,0,0,0,0,0,0,0,0,0,0,0,0,0,0,0,0,0,0,0,0,0,0,0,0,0,0,0,0,0,0,0,0,0,0,0,0,0,0,0,0,0,0,0,0,0,0,0,0,0,0,0,0,0,0,1,0,0,0,0,1,0,0,0,0,0,0,0,0,0,0,0,0,0,0,0,0,0,0,0,0,0,0,0,0,0,0,0,1,0,0,0,0,0,0,0,0,0,0,0,0,0,0,0,0,0,0,0,0,0,0,0,1,0,0,0,0,0,0,0,0,0,0,0,0,0,0,1,0,0,1,1,0,0,0,10,102
"31","CA3552511846520120804","FR23",14,6,2012,"2012/08/4",1492,"S",779423226.812159,"2012-08-04",151,1,0,0,0,0,0,0,0,0,0,0,0,0,0,0,0,0,0,0,1,0,0,0,0,0,0,0,0,0,2,0,0,0,2,0,0,0,0,0,1,0,0,0,1,0,1,2,0,0,0,0,0,0,0,1,0,0,2,2,1,0,0,0,0,0,1,0,1,0,0,0,0,1,0,0,1,1,0,1,0,0,1,0,0,0,1,0,0,0,0,1,0,0,0,1,0,0,1,0,0,0,0,0,1,0,0,0,0,0,0,1,0,0,0,1,0,0,0,0,0,0,0,1,0,0,0,0,1,2,1,0,1,1,1,2,0,1,0,0,0,1,0,1,3,0,2,0,0,2,1,1,0,1,0,3,0,0,1,0,1,3,1,0,0,1,0,1,0,0,1,0,0,0,1,0,0,0,0,1,1,1,0,0,0,0,0,0,0,0,0,0,1,0,2,3,0,0,1,0,2,0,1,0,1,0,0,0,1,0,1,0,0,1,0,1,1,86,115
"32","CA3553911883420050921","FR24",22,10,2005,"2005/09/21",1898,"S",779423226.812159,"2005-09-21",69,0,0,0,0,0,0,0,1,0,0,0,0,0,0,0,0,0,0,0,0,2,1,0,1,1,0,0,0,0,1,1,0,0,1,0,0,1,0,1,0,1,0,0,1,0,1,1,0,0,0,0,1,1,0,1,0,1,1,2,1,1,0,0,0,0,0,1,2,3,2,0,1,0,0,1,1,0,0,0,0,0,0,0,0,1,1,0,1,0,0,1,1,1,0,0,0,0,0,0,0,0,0,0,1,1,0,0,0,1,1,2,0,0,1,0,0,0,0,1,1,0,1,0,0,0,1,1,1,3,7,6,2,0,0,0,2,2,3,1,5,4,5,2,0,2,2,1,1,0,3,2,1,3,3,2,1,2,2,0,2,1,2,0,2,1,2,2,0,0,0,2,1,1,1,2,1,1,2,0,0,1,0,0,0,0,0,0,1,2,0,1,1,1,0,2,0,0,2,3,5,5,6,5,2,0,1,0,0,2,0,2,3,2,6,4,2,203,33
"33","CA3555411854220100912","FR25",13,6,2010,"2010/09/12",11063,"M",779423226.812159,"2010-09-12",128,1,0,0,0,0,0,0,0,0,0,0,0,0,0,0,0,0,0,0,1,0,0,0,0,0,0,0,0,0,2,0,0,0,2,0,0,0,0,0,1,0,0,0,1,0,1,1,0,0,0,0,0,0,0,1,0,0,2,1,1,0,0,0,0,0,1,0,1,0,0,0,0,1,0,0,1,1,0,1,0,0,1,0,0,0,1,0,0,0,0,1,0,0,0,1,0,0,1,0,0,0,0,0,1,0,0,0,0,0,0,1,0,0,0,1,0,0,0,0,0,0,0,1,0,0,0,0,1,2,1,0,1,1,1,2,0,1,0,0,0,1,0,1,2,0,2,0,0,2,1,1,0,1,0,2,0,0,1,0,1,3,0,0,0,1,0,1,0,0,1,0,0,0,1,0,0,0,0,0,1,1,0,0,0,0,0,0,0,0,0,0,1,0,2,3,0,0,1,0,1,0,1,0,1,0,0,0,1,0,1,0,0,1,0,1,1,79,92
"34","CA3562411976820070620","FR29",19,9,2007,"2007/06/20",1350,"S",779423226.812159,"2007-06-20",90,0,0,2,0,0,0,0,1,0,0,1,1,0,0,0,0,1,1,0,3,2,6,4,1,1,1,0,1,0,0,1,1,1,1,0,1,1,1,0,1,1,1,2,1,2,3,1,0,2,0,0,0,0,0,1,2,1,0,0,0,1,0,0,0,1,0,0,1,1,1,3,2,1,1,1,0,0,0,0,1,0,0,0,1,0,0,0,0,0,0,1,1,0,0,1,0,0,0,0,2,0,0,0,1,0,0,0,1,0,0,0,0,0,0,1,1,2,0,0,0,0,0,1,0,0,2,0,0,0,3,2,2,0,0,0,0,1,2,0,2,2,1,2,0,0,1,2,2,0,1,2,2,1,1,0,0,1,2,1,0,2,0,3,0,1,1,0,1,1,0,1,2,1,0,0,2,1,0,1,0,0,0,0,1,0,1,1,1,0,0,0,2,0,1,0,0,0,0,2,2,4,1,1,1,1,1,2,1,0,1,1,0,1,3,3,2,164,54
"35","CA3564111839020110527","FR36",18,9,2011,"2011/05/27",1421,"S",779423226.812159,"2011-05-27",137,1,0,0,0,0,0,0,0,0,0,0,0,0,0,0,0,0,0,0,1,1,1,0,0,0,0,0,0,0,2,0,0,0,2,0,0,0,0,0,1,0,0,0,1,0,1,3,1,0,0,1,0,0,0,1,1,0,2,2,1,0,1,1,0,0,2,0,1,0,0,0,0,1,0,0,1,1,1,0,0,0,1,0,0,0,1,0,0,0,0,1,0,1,0,0,0,0,1,0,0,2,0,0,1,0,1,0,0,0,0,1,0,0,0,1,0,0,0,0,0,0,0,1,0,1,0,0,1,2,1,0,1,1,1,3,0,1,0,0,1,1,1,2,3,3,3,0,0,3,2,2,0,1,0,2,0,1,2,0,2,3,3,0,0,1,1,2,0,0,3,0,0,1,1,0,1,2,0,1,1,1,0,0,2,0,0,0,0,1,1,0,3,0,3,4,0,0,1,0,2,1,0,0,1,1,0,0,1,0,1,0,0,2,0,2,2,134,101
"36","CA3568812008020060803","FR42",2,1,2006,"2006/08/3",1551,"S",779423226.81216,"2006-08-03",79,0,0,0,0,0,0,0,0,0,0,0,0,0,0,0,0,0,0,0,0,0,0,0,0,0,0,0,0,0,0,0,0,0,0,0,0,0,0,0,0,0,0,0,0,0,0,0,0,0,0,0,0,1,0,0,0,0,0,0,0,0,0,0,0,0,0,0,0,1,0,0,0,0,0,0,0,0,0,0,0,0,0,0,0,0,0,0,0,0,0,0,0,0,0,0,0,1,0,0,0,0,0,0,0,0,0,0,0,0,0,0,0,0,0,0,0,0,0,1,0,0,0,0,0,0,0,0,0,0,0,0,1,0,0,0,0,0,0,0,0,0,0,0,0,0,0,0,0,0,0,0,0,0,0,0,0,0,0,0,0,0,0,0,0,0,0,0,0,0,0,0,0,0,0,0,0,0,0,0,0,0,0,0,0,0,0,0,0,0,0,0,0,0,0,0,0,0,0,0,0,0,0,0,0,0,0,0,0,0,0,0,0,0,0,0,0,5,43
"37","CA3569311842220050709","FR47",18,9,2005,"2005/07/9",1240,"S",779423226.81216,"2005-07-09",66,1,0,0,0,0,0,0,0,0,0,0,0,0,0,0,0,0,0,0,1,1,1,0,0,0,0,0,0,0,2,0,0,0,2,0,0,0,0,0,1,0,0,0,1,0,1,3,1,0,0,1,0,0,0,1,1,0,2,2,1,0,1,1,0,0,2,0,1,0,0,0,0,1,0,0,1,1,1,0,0,0,1,0,0,0,1,0,0,0,0,1,0,1,0,0,0,0,1,0,0,2,0,0,1,0,1,0,0,0,0,1,0,0,0,1,0,0,0,0,0,0,0,1,0,1,0,0,1,2,1,0,1,1,1,3,0,1,0,0,1,1,1,2,3,3,3,0,0,3,2,2,0,1,0,2,0,1,2,0,2,3,3,0,0,1,1,1,0,0,3,0,0,1,1,0,1,2,0,1,1,1,0,0,2,0,0,0,0,1,1,0,3,0,3,4,0,0,1,0,2,1,0,0,1,1,0,0,1,0,1,0,0,2,0,2,2,133,30
"38","CA3570811796820100718","FR52",2,3,2010,"2010/07/18",1901,"S",779423226.812159,"2010-07-18",127,0,0,0,0,0,0,0,0,0,0,0,0,0,0,0,0,0,0,0,0,0,0,0,0,0,0,0,0,0,0,0,0,0,0,0,0,0,0,0,0,0,0,0,0,0,0,0,0,0,0,0,0,0,0,0,0,0,0,0,2,0,0,0,0,0,0,0,0,0,0,0,0,0,0,0,0,0,0,0,0,0,0,0,0,0,0,0,0,0,0,0,0,0,0,0,0,0,0,1,0,0,0,0,0,0,0,0,0,1,0,0,0,0,1,0,0,0,0,0,0,0,0,0,0,0,0,0,0,0,0,1,0,0,0,2,0,0,0,0,0,0,0,0,0,0,0,1,1,0,0,0,1,0,0,0,0,0,0,0,0,0,0,0,0,0,1,0,0,0,0,0,0,0,0,0,0,0,0,0,0,0,0,0,0,0,0,0,0,1,0,1,0,1,0,0,0,0,0,0,0,0,0,0,0,0,0,0,0,0,0,0,1,1,0,0,0,17,91
"39","CA3571711855520140613","FR53",18,8,2014,"2014/06/13",2794,"S",779423226.812159,"2014-06-13",173,1,0,0,0,0,0,0,0,0,0,0,0,0,0,0,0,0,0,0,1,0,1,0,0,0,0,0,0,1,2,0,0,0,2,0,0,0,0,0,1,0,0,0,1,0,1,3,0,0,0,0,0,0,0,1,1,0,2,2,1,0,1,1,0,0,2,0,1,0,0,0,0,1,0,0,1,1,1,0,0,0,1,0,0,0,1,0,0,0,0,1,0,0,0,0,0,0,1,0,0,2,0,0,1,0,1,0,0,0,0,1,0,0,0,1,0,0,0,0,0,0,0,1,1,1,0,0,1,2,1,0,1,1,1,2,0,1,0,0,1,1,1,1,3,2,3,0,0,2,2,1,0,1,0,2,0,1,2,0,2,3,3,0,0,1,1,1,0,0,2,0,0,1,1,0,1,1,0,0,1,1,0,0,2,0,0,0,0,1,1,0,3,0,3,3,0,0,1,0,2,1,0,0,1,1,0,0,1,0,1,0,0,1,0,2,2,121,137
"40","CA3574911839820070429","FR1",7,5,2007,"2007/04/29",2078,"S",779423226.812159,"2007-04-29",88,0,0,0,0,0,0,0,0,0,0,0,0,0,0,0,0,0,0,0,0,1,1,0,0,0,0,0,0,0,0,0,0,0,0,0,0,0,0,0,1,0,0,0,0,0,0,3,1,0,0,1,0,0,0,0,1,0,0,1,0,0,1,1,0,0,2,0,0,0,0,0,0,0,0,0,0,0,1,0,0,0,0,0,0,0,0,0,0,0,0,0,0,1,0,0,0,0,0,0,0,2,0,0,0,0,1,0,0,0,0,1,0,0,0,0,0,0,0,0,0,0,0,0,0,1,0,0,0,0,1,0,0,0,0,2,0,0,0,0,1,0,1,2,1,2,1,0,0,1,2,2,0,1,0,1,0,1,1,0,2,1,3,0,0,0,1,0,0,0,2,0,0,1,0,0,1,2,0,1,0,0,0,0,2,0,0,0,0,1,1,0,3,0,1,0,0,0,1,0,1,1,0,0,0,1,0,0,0,0,1,0,0,0,0,1,1,70,52
"41","CA3575211893120110621","FR2",2,6,2011,"2011/06/21",3256,"S",779423226.812159,"2011-06-21",138,0,0,0,0,0,0,0,0,0,0,0,0,0,0,0,0,0,0,0,1,0,0,0,0,0,0,0,0,0,0,0,0,0,0,0,0,0,0,0,0,0,0,0,0,0,0,0,0,0,0,0,0,0,0,0,0,0,0,0,0,0,0,0,0,0,0,0,0,0,0,0,1,0,0,0,0,0,0,0,0,0,0,1,0,0,0,0,0,0,0,0,0,0,1,0,0,1,0,0,1,1,0,0,0,0,0,0,1,1,0,0,0,0,0,0,0,0,1,0,0,0,0,0,0,0,0,0,0,0,0,0,0,0,0,0,0,0,0,0,0,0,0,0,0,0,0,0,0,0,1,1,0,0,0,0,0,0,0,0,0,0,0,0,0,0,0,0,0,0,0,0,0,1,0,0,0,0,0,0,0,0,0,0,0,0,1,0,0,0,0,0,1,0,0,0,0,0,0,0,0,0,0,0,0,0,0,1,0,0,0,0,0,0,0,0,0,16,102
"42","CA3575711999720060604","FR3",1,1,2006,"2006/06/4",1135,"S",779423226.812159,"2006-06-04",77,0,0,0,0,0,0,0,0,0,0,0,0,0,0,0,0,0,0,0,0,0,0,0,0,0,0,0,0,0,0,0,0,0,0,0,0,0,0,0,0,0,0,0,0,0,0,0,0,0,0,0,0,0,0,0,0,0,0,0,0,0,0,0,0,0,0,0,0,1,0,0,0,0,0,0,0,0,0,0,0,0,0,0,0,0,0,0,0,0,0,0,0,0,0,0,0,1,0,0,0,0,0,0,0,0,0,0,0,0,0,0,0,0,0,0,0,0,0,1,0,0,0,0,0,0,0,0,0,0,0,0,1,0,0,0,0,0,0,0,0,0,0,0,0,0,0,0,0,0,0,0,0,0,0,0,0,0,0,0,0,0,0,0,0,0,0,0,0,0,0,0,0,0,0,0,0,0,0,0,0,0,0,0,0,0,0,0,0,0,0,0,0,0,0,0,0,0,0,0,0,0,0,0,0,0,0,0,0,0,0,0,0,0,0,0,0,4,41
"43","CA3576812083120050622","FR30",24,13,2005,"2005/06/22",1279,"S",779423226.812159,"2005-06-22",66,1,0,0,0,0,0,0,0,2,0,0,0,0,0,0,0,0,0,1,0,2,0,2,0,0,0,0,0,0,0,1,1,1,0,0,0,0,0,0,0,0,0,0,0,0,0,0,0,0,1,1,0,0,0,0,1,1,1,2,2,0,0,0,0,0,1,0,0,0,1,0,0,1,0,0,0,0,0,0,1,4,1,2,4,0,1,1,0,0,0,1,0,0,3,0,0,0,0,2,0,0,0,0,1,0,0,1,1,0,0,0,0,2,0,1,1,1,0,0,0,1,0,0,0,0,0,0,1,1,3,2,0,1,0,0,0,0,0,2,0,1,3,1,0,0,0,1,0,1,0,0,0,1,1,0,0,1,0,1,1,0,0,0,0,0,0,0,0,0,0,0,0,0,0,0,0,0,0,0,0,0,0,0,1,0,0,0,1,0,1,3,3,0,0,0,0,0,1,1,2,3,1,6,2,0,0,1,1,0,0,1,3,4,6,3,3,121,30
"44","CA3578311796620100716","FR37",1,1,2010,"2010/07/16",1089,"S",779423226.812159,"2010-07-16",127,0,0,0,0,0,0,0,0,0,0,0,0,0,0,0,0,0,0,0,0,0,0,0,0,0,0,0,0,0,0,0,0,0,0,0,0,0,0,0,0,0,0,0,0,0,0,0,0,0,0,0,0,0,0,0,0,0,0,0,1,0,0,0,0,0,0,0,0,0,0,0,0,0,0,0,0,0,0,0,0,0,0,0,0,0,0,0,0,0,0,0,0,0,0,0,0,0,0,0,0,0,0,0,0,0,0,0,0,1,0,0,0,0,0,0,0,0,0,0,0,0,0,0,0,0,0,0,0,0,0,1,0,0,0,1,0,0,0,0,0,0,0,0,0,0,0,1,1,0,0,0,1,0,0,0,0,0,0,0,0,0,0,0,0,0,1,0,0,0,0,0,0,0,0,0,0,0,0,0,0,0,0,0,0,0,0,0,0,1,0,1,0,1,0,0,0,0,0,0,0,0,0,0,0,0,0,0,0,0,0,0,1,1,0,0,0,13,91
"45","CA3581211845020100726","FR43",5,3,2010,"2010/07/26",17238,"M",779423226.812159,"2010-07-26",127,0,0,0,0,0,0,0,0,0,0,0,0,0,0,0,0,0,0,0,0,0,1,0,0,0,0,0,0,0,0,0,0,0,0,0,0,0,0,0,0,0,0,0,0,0,0,1,0,0,0,0,0,0,0,0,1,0,0,0,0,0,0,1,0,0,2,0,0,0,0,0,0,0,0,0,0,0,1,0,0,0,0,0,0,0,0,0,0,0,0,0,0,0,0,0,0,0,0,0,0,2,0,0,0,0,1,0,0,0,0,0,0,0,0,0,0,0,0,0,0,0,0,0,0,1,0,0,0,0,0,0,0,0,0,0,0,0,0,0,1,0,1,0,0,2,0,0,0,0,2,0,0,0,0,0,0,1,1,0,1,1,2,0,0,0,0,0,0,0,1,0,0,1,0,0,1,1,0,0,0,0,0,0,2,0,0,0,0,1,1,0,2,0,1,0,0,0,0,0,1,1,0,0,0,1,0,0,0,0,0,0,0,0,0,1,1,39,91
"46","CA3582111899420100604","FR48",17,8,2010,"2010/06/4",1012,"S",779423226.812159,"2010-06-04",125,0,1,0,0,0,1,0,0,0,0,1,0,0,0,0,0,0,1,1,0,0,1,1,1,0,2,0,0,1,0,0,0,0,0,1,0,1,1,0,1,2,0,0,0,1,1,1,0,0,0,1,0,0,2,1,0,0,0,0,0,1,0,0,0,0,1,0,0,1,1,0,2,0,1,1,0,0,1,0,0,0,1,0,2,1,0,1,0,0,0,0,0,0,0,0,0,1,1,1,0,0,0,0,0,0,0,0,1,0,1,0,0,1,1,1,0,0,0,1,1,0,0,0,0,0,0,0,0,1,1,0,0,0,0,2,1,1,1,0,1,1,0,0,0,0,0,0,1,1,0,0,2,0,0,1,2,0,0,0,0,0,0,0,0,0,1,0,0,0,0,0,0,0,0,0,1,0,1,0,0,0,0,1,1,0,2,0,1,0,0,0,0,0,0,1,0,0,0,0,0,0,1,0,2,0,0,1,0,1,0,1,1,1,0,2,0,83,89
"47","CA3582111951120060527","FR49",7,2,2006,"2006/05/27",1501,"S",779423226.812159,"2006-05-27",77,0,0,0,0,0,0,0,0,0,0,0,0,0,0,0,0,0,0,0,0,0,1,0,0,0,0,0,0,0,0,0,0,0,0,0,0,0,0,0,0,0,0,0,1,0,0,1,0,0,0,0,0,0,1,0,0,0,0,0,0,1,0,0,0,0,0,0,0,1,1,1,0,0,0,0,0,0,0,0,1,1,0,0,0,0,0,0,0,0,0,0,1,0,0,0,0,0,0,0,0,0,0,0,0,0,0,0,0,0,0,0,0,0,0,1,0,0,0,0,0,0,0,1,0,0,0,0,0,0,1,0,0,2,1,0,0,0,0,0,0,0,0,0,0,1,0,0,0,0,0,0,0,0,0,0,0,0,0,0,0,0,0,0,0,0,0,2,0,0,0,0,0,1,0,0,0,0,0,0,0,0,0,0,1,0,1,0,0,0,0,0,0,1,0,0,1,0,0,1,0,1,1,0,0,0,0,0,0,0,0,1,2,0,0,1,0,32,41
"48","CA3587811842820070603","FR4",4,0,2007,"2007/06/3",4168,"S",779423226.812159,"2007-06-03",89,0,0,0,0,0,0,0,0,0,0,0,0,0,0,0,0,0,0,0,0,0,0,0,0,0,0,0,0,0,0,0,0,0,0,0,0,0,0,0,0,0,0,0,0,0,0,1,0,0,0,0,0,0,0,0,0,0,0,0,0,0,0,1,0,0,2,0,0,0,0,0,0,0,0,0,0,0,1,0,0,0,0,0,0,0,0,0,0,0,0,0,0,0,0,0,0,0,0,0,0,0,0,0,0,0,0,0,0,0,0,0,0,0,0,0,0,0,0,0,0,0,0,0,0,0,0,0,0,0,0,0,0,0,0,0,0,0,0,0,0,0,0,0,0,1,0,0,0,0,2,0,0,0,0,0,0,0,0,0,0,0,1,0,0,0,0,0,0,0,1,0,0,1,0,0,1,1,0,0,0,0,0,0,1,0,0,0,0,0,0,0,1,0,0,0,0,0,0,0,0,0,0,0,0,1,0,0,0,0,0,0,0,0,0,1,1,18,53
"49","CA3592812029720070810","FR15",34,30,2007,"2007/08/10",5399,"S",779423226.812159,"2007-08-10",91,0,0,0,0,0,0,0,0,0,0,0,0,0,0,0,0,0,0,0,0,0,1,1,1,1,0,0,0,3,0,1,0,0,0,0,0,1,0,0,1,1,0,0,0,0,1,1,0,0,0,0,0,0,1,0,0,0,0,1,0,0,1,0,0,0,0,1,2,1,5,5,3,3,1,1,0,1,3,0,1,0,1,2,0,0,0,1,1,0,1,0,0,1,0,0,1,1,1,0,2,1,0,1,0,1,4,0,1,2,2,2,1,1,1,2,4,0,2,1,2,1,0,0,0,0,0,2,4,12,11,2,3,0,0,0,1,2,1,4,2,2,5,4,4,3,4,2,0,1,2,1,0,0,0,0,4,3,4,2,6,3,2,0,0,1,0,0,0,0,1,0,1,1,1,0,0,0,0,1,0,0,0,0,0,0,0,0,0,0,0,0,0,1,1,2,2,1,0,0,1,0,1,1,0,0,1,0,1,0,0,0,1,2,1,0,0,202,55
"50","CA3598411885320070603","FR26",31,49,2007,"2007/06/3",2346,"S",779423226.812159,"2007-06-03",89,1,0,0,0,2,0,0,0,2,1,0,0,1,0,0,0,0,0,0,0,0,0,1,0,0,1,1,2,0,0,4,1,1,0,2,0,0,0,0,0,0,0,2,2,1,1,1,1,1,0,0,1,1,2,0,1,1,1,0,0,0,0,0,0,0,1,1,0,2,1,1,2,1,1,0,0,0,2,0,0,3,1,1,4,0,2,1,1,0,1,3,3,0,2,0,3,0,1,5,1,4,2,0,0,3,1,0,2,2,3,2,1,1,4,5,0,1,2,1,2,0,0,1,0,1,2,0,0,1,3,2,0,0,0,0,1,0,0,0,0,1,3,1,2,0,2,1,2,1,1,1,2,1,0,1,3,0,1,0,0,0,1,0,0,0,1,1,2,3,0,0,0,0,0,0,0,1,1,0,0,0,0,1,0,2,1,2,0,2,2,1,0,2,0,0,0,0,1,0,1,3,2,3,2,1,0,1,0,0,0,0,0,2,3,2,2,196,53
"51","CA3603411887520080826","FR16",139,145,2008,"2008/08/26",1676,"S",779423226.812159,"2008-08-26",104,5,3,1,1,6,0,1,2,4,2,3,0,2,0,1,1,2,1,4,4,5,4,3,2,3,2,2,3,6,0,7,6,4,2,3,3,2,1,0,1,2,2,5,6,7,3,6,7,6,3,1,4,8,4,1,4,2,2,2,2,3,2,0,0,1,1,2,1,5,5,3,5,3,4,2,1,1,5,1,6,16,9,10,12,6,3,3,1,1,5,6,5,0,3,4,9,3,3,7,5,5,8,6,6,8,5,1,7,6,6,2,3,5,9,12,5,8,6,3,3,1,2,1,1,1,4,3,1,6,11,7,3,1,0,0,1,0,2,3,4,6,7,5,3,4,2,3,6,3,1,4,4,3,5,2,4,2,2,1,1,1,4,1,0,1,1,2,3,3,1,0,1,4,0,0,0,1,1,2,1,2,1,4,2,4,2,3,1,4,5,4,1,6,2,0,3,0,4,3,7,7,8,4,5,5,2,4,0,2,3,4,1,3,8,6,6,728,68
"52","CA3604211878120070706","FR18",12,16,2007,"2007/07/6",1082,"S",779423226.812159,"2007-07-06",90,0,0,0,0,0,0,0,0,1,1,0,0,0,0,0,0,0,0,0,0,1,1,0,1,0,0,0,0,0,0,0,0,0,0,0,0,0,0,0,0,0,0,0,2,0,0,0,0,0,0,0,0,0,2,0,0,0,1,0,1,0,0,0,0,0,0,1,0,0,0,0,1,0,1,0,0,0,0,0,0,3,0,0,2,0,0,0,0,0,1,1,2,0,0,0,2,0,0,1,0,2,0,0,0,0,0,0,0,1,1,1,1,1,1,1,0,0,1,0,0,0,0,0,0,1,1,1,0,0,1,0,0,0,0,0,0,0,0,0,0,0,0,1,2,0,1,1,0,1,0,0,0,0,0,0,1,1,0,0,0,0,1,0,0,0,0,0,1,1,0,0,0,0,0,0,0,0,0,0,0,0,0,1,0,0,0,0,0,0,0,0,0,1,0,0,0,0,0,0,0,1,0,2,0,1,0,0,0,0,0,0,0,0,0,1,0,58,54
"53","CA3606111889420060720","FR20",119,132,2006,"2006/07/20",1386,"S",779423226.812159,"2006-07-20",79,3,4,0,1,6,0,2,2,4,2,3,1,1,0,1,1,2,1,4,4,6,3,3,3,1,1,2,3,4,0,7,5,4,3,2,3,1,0,0,1,2,2,5,6,6,3,6,5,5,3,1,4,8,3,1,4,2,2,1,1,2,2,0,0,1,1,2,0,4,4,3,3,1,3,1,1,1,4,1,6,14,8,10,10,5,3,3,1,1,5,5,6,0,3,4,9,2,2,6,5,5,7,4,7,7,4,0,7,4,4,2,3,5,9,11,5,6,5,3,3,1,2,1,1,2,4,3,1,7,9,7,2,1,0,0,1,0,2,3,4,7,7,6,3,3,2,3,6,2,2,4,4,4,4,2,4,2,2,1,1,1,4,1,0,1,1,2,3,4,1,0,0,3,0,1,0,1,1,2,1,1,1,3,2,4,2,3,1,4,5,4,1,7,0,0,3,0,3,3,6,5,8,4,6,5,2,3,0,1,3,4,1,3,8,6,3,669,43
"54","CA3610811818320050724","FR27",0,0,2005,"2005/07/24",1443,"S",779423226.812159,"2005-07-24",67,0,0,0,0,0,0,0,0,0,0,0,0,0,0,0,0,0,0,0,0,0,0,0,0,0,0,0,0,0,0,0,0,0,0,0,0,0,0,0,0,0,0,0,0,0,0,0,0,0,0,0,0,0,0,0,0,0,0,0,0,0,0,0,0,0,0,0,0,0,0,0,0,0,0,0,0,0,0,0,0,0,0,0,0,0,0,0,0,0,0,0,0,0,0,0,0,0,0,0,0,0,0,0,0,0,0,0,0,0,0,0,0,0,0,0,0,0,0,0,0,0,0,0,0,0,0,0,0,0,0,0,0,0,0,0,0,0,0,0,0,0,0,0,0,0,0,0,0,0,0,0,0,0,0,0,0,0,0,0,0,0,0,0,0,0,0,0,0,0,0,0,0,0,0,0,0,0,0,0,0,0,0,0,0,0,0,0,0,0,0,0,0,0,0,0,0,0,0,0,0,0,0,0,0,0,0,0,0,1,0,0,0,0,0,0,0,1,31
"55","CA3611811821020030903","FR28",0,0,2003,"2003/09/3",4946,"S",779423226.812159,"2003-09-03",44,0,0,0,0,0,0,0,0,0,0,0,0,0,0,0,0,0,0,0,0,0,0,0,0,0,0,0,0,0,0,0,0,0,0,0,0,0,0,0,0,0,0,0,0,0,0,0,0,0,0,0,0,0,0,0,0,0,0,0,0,0,0,0,0,0,0,0,0,0,0,0,0,0,0,0,0,0,0,0,0,0,0,0,0,0,0,0,0,0,0,0,0,0,0,0,0,0,0,0,0,0,0,0,0,0,0,0,0,0,0,0,0,0,0,0,0,0,0,0,0,0,0,0,0,0,0,0,0,0,0,0,0,0,0,0,0,0,0,0,0,0,0,0,0,0,0,0,0,0,0,0,0,0,0,0,0,0,0,0,0,0,0,0,0,0,0,0,0,0,0,0,0,0,0,0,0,0,0,0,0,0,0,0,0,0,0,0,0,0,0,0,0,0,0,0,0,0,0,0,0,0,0,0,0,0,0,0,0,0,0,0,0,0,0,0,0,0,8
"56","CA3612012040220060513","FR31",1013,687,2006,"2006/05/13",2134,"S",779423226.812159,"2006-05-13",76,0,0,0,0,0,0,0,0,0,0,0,0,0,0,0,1,0,0,3,3,5,15,13,1,3,0,5,4,3,9,4,8,1,3,3,1,1,0,1,1,0,1,1,11,12,17,17,22,15,7,13,1,8,4,0,4,7,5,1,4,6,2,5,5,2,7,8,9,20,34,82,65,47,47,31,75,30,61,42,78,52,36,43,40,55,40,57,22,22,20,11,24,15,9,25,17,3,1,26,11,12,8,28,19,25,45,25,46,51,42,31,42,30,45,20,34,21,29,15,20,25,8,11,14,15,29,44,66,79,84,72,53,41,33,48,38,16,26,26,39,67,71,49,60,58,40,27,18,23,15,13,19,10,12,13,10,10,18,14,18,18,8,9,3,5,4,6,3,4,1,1,0,1,2,1,0,0,1,1,2,3,2,1,4,1,2,3,2,9,14,5,4,5,5,2,11,7,13,25,29,45,48,21,18,12,4,9,10,18,19,19,40,45,37,44,44,3993,40
"57","CA3613311808420080531","FR32",0,0,2008,"2008/05/31",14778,"M",779423226.812159,"2008-05-31",101,0,0,0,0,0,0,0,0,0,0,0,0,0,0,0,0,0,0,0,0,0,0,0,0,0,0,0,0,0,0,0,0,0,0,0,0,0,0,0,0,0,0,0,0,0,0,0,0,0,0,0,0,0,0,0,0,0,0,0,0,0,0,0,0,0,0,0,0,0,0,0,0,0,0,0,0,0,0,0,0,0,0,0,0,0,0,0,0,0,0,0,0,0,0,0,0,0,0,0,0,0,0,0,0,0,0,0,0,0,0,0,0,0,0,0,0,0,0,0,0,0,0,0,0,0,0,0,0,0,0,0,0,0,0,0,0,0,0,0,0,0,0,0,0,0,0,0,0,0,0,0,0,0,0,0,0,0,0,0,0,0,0,0,0,0,0,0,0,0,0,0,0,0,0,0,0,0,0,0,0,0,0,0,0,0,0,0,0,0,0,0,0,0,0,0,0,0,0,0,0,0,0,0,0,0,0,0,0,1,0,0,0,0,0,0,0,1,65
"58","CA3614511817320060726","FR33",0,0,2006,"2006/07/26",3484,"S",779423226.812159,"2006-07-26",79,0,0,0,0,0,0,0,0,0,0,0,0,0,0,0,0,0,0,0,0,0,0,0,0,0,0,0,0,0,0,0,0,0,0,0,0,0,0,0,0,0,0,0,0,0,0,0,0,0,0,0,0,0,0,0,0,0,0,0,0,0,0,0,0,0,0,0,0,0,0,0,0,0,0,0,0,0,0,0,0,0,0,0,0,0,0,0,0,0,0,0,0,0,0,0,0,0,0,0,0,0,0,0,0,0,0,0,0,0,0,0,0,0,0,0,0,0,0,0,0,0,0,0,0,0,0,0,0,0,0,0,0,0,0,0,0,0,0,0,0,0,0,0,0,0,0,0,0,0,0,0,0,0,0,0,0,0,0,0,0,0,0,0,0,0,0,0,0,0,0,0,0,0,0,0,0,0,0,0,0,0,0,0,0,0,0,0,0,0,0,0,0,0,0,0,0,0,0,0,0,0,0,0,0,0,0,0,0,0,0,0,0,0,0,0,0,0,43
"59","CA3614911850520120601","FR34",2,0,2012,"2012/06/1",1876,"S",779423226.812159,"2012-06-01",149,0,0,0,0,0,0,0,0,0,0,0,0,0,0,0,0,0,0,0,0,0,0,0,0,0,0,0,0,0,1,0,0,0,0,1,0,0,0,0,0,0,0,0,0,0,0,0,0,0,0,0,0,0,0,0,0,0,0,0,0,0,0,0,0,0,0,0,0,0,0,0,0,0,0,0,0,0,0,0,0,0,0,0,0,1,1,0,0,0,0,0,0,0,0,0,0,0,0,0,0,0,0,0,0,0,0,0,0,0,0,0,0,0,0,0,0,0,0,0,0,0,0,0,0,0,0,0,0,0,0,0,0,0,0,0,0,0,0,0,0,0,0,0,0,0,0,0,0,0,0,0,0,0,0,0,0,0,0,0,0,0,0,0,0,0,0,0,0,0,0,0,0,0,0,0,0,0,0,0,0,0,0,0,0,0,0,0,0,0,0,0,0,0,0,0,1,0,0,0,0,0,0,0,0,0,0,0,0,0,0,0,0,0,0,0,0,5,113
"60","CA3615311821420090721","FR38",0,0,2009,"2009/07/21",1737,"S",779423226.812159,"2009-07-21",115,0,0,0,0,0,0,0,0,0,0,0,0,0,0,0,0,0,0,0,0,0,0,0,0,0,0,0,0,0,0,0,0,0,0,0,0,0,0,0,0,0,0,0,0,0,0,0,0,0,0,0,0,0,0,0,0,0,0,0,0,0,0,0,0,0,0,0,0,0,0,0,0,0,0,0,0,0,0,0,0,0,0,0,0,0,0,0,0,0,0,0,0,0,0,0,0,0,0,0,0,0,0,0,0,0,0,0,0,0,0,0,0,0,0,0,0,0,0,0,0,0,0,0,0,0,0,0,0,0,0,0,0,0,0,0,0,0,0,0,0,0,0,0,0,0,0,0,0,0,0,0,0,0,0,0,0,0,0,0,0,0,0,0,0,0,0,0,0,0,0,0,0,0,0,0,0,0,0,0,0,0,0,0,0,0,0,0,0,0,0,0,0,0,0,0,0,0,0,0,0,0,0,0,0,0,0,0,0,0,0,0,0,0,0,0,0,0,79
"61","CA3615912025120061025","FR39",1040,724,2006,"2006/10/25",1661,"S",779423226.812159,"2006-10-25",82,0,0,0,1,0,0,0,0,0,0,0,0,0,0,0,1,0,0,3,3,5,15,14,1,3,0,5,4,3,9,4,8,1,3,3,1,1,0,1,1,0,1,1,11,12,17,17,24,15,8,13,1,8,4,1,4,7,5,1,4,7,3,5,5,4,7,8,9,20,36,84,70,49,48,32,77,31,61,42,79,53,37,44,40,56,40,58,22,22,20,12,24,15,10,25,17,3,3,26,12,12,10,29,21,26,47,29,55,53,48,31,43,31,46,20,34,23,29,16,24,26,9,14,14,15,31,49,69,90,100,76,59,44,34,49,44,19,28,30,40,68,79,53,64,61,46,29,21,29,15,14,19,12,14,13,10,11,21,14,21,20,9,12,4,6,5,8,4,5,5,3,0,1,3,1,0,1,1,2,2,5,3,4,8,1,2,6,3,10,14,7,5,6,7,4,13,7,15,26,31,50,54,27,20,14,5,10,11,20,21,24,41,50,43,52,47,4299,46
"62","CA3616811829320090630","FR40",0,0,2009,"2009/06/30",3308,"S",779423226.812159,"2009-06-30",114,0,0,0,0,0,0,0,0,0,0,0,0,0,0,0,0,0,0,0,0,0,0,0,0,0,0,0,0,0,0,0,0,0,0,0,0,0,0,0,0,0,0,0,0,0,0,0,0,0,0,0,0,0,0,0,0,0,0,0,0,0,0,0,0,0,0,0,0,0,0,0,0,0,0,0,0,0,0,0,0,0,0,0,0,0,0,0,0,0,0,0,0,0,0,0,0,0,0,0,0,0,0,0,0,0,0,0,0,0,0,0,0,0,0,0,0,0,0,0,0,0,0,0,0,0,0,0,0,0,0,0,0,0,0,0,0,0,0,0,0,0,0,0,0,0,0,0,0,0,0,0,0,0,0,0,0,0,0,0,0,0,0,0,0,0,0,0,0,0,0,0,0,0,0,0,0,0,0,0,0,0,0,0,0,0,0,0,0,0,0,0,0,0,0,0,0,0,0,0,0,0,0,0,0,0,0,0,0,0,0,0,0,0,0,0,0,0,78
"63","CA3617411872220040812","FR44",11,13,2004,"2004/08/12",3371,"S",779423226.812159,"2004-08-12",55,0,0,0,0,0,0,0,0,1,0,0,0,0,0,0,0,0,0,0,0,1,1,0,1,0,0,0,0,0,1,0,0,0,0,1,0,0,1,0,0,0,0,0,2,0,0,0,0,0,0,0,0,0,2,0,0,0,1,0,1,0,0,0,0,0,0,0,0,0,0,0,1,0,0,0,0,0,0,0,0,2,0,0,2,1,1,0,0,0,1,1,2,0,0,0,1,0,0,1,0,2,0,0,0,0,0,0,0,2,1,0,1,1,0,0,0,1,0,0,0,0,0,0,0,1,1,1,0,0,1,0,0,0,0,0,0,0,0,0,0,0,0,1,1,0,1,0,0,0,0,0,0,0,0,0,0,1,0,0,0,0,0,0,0,0,0,0,1,1,0,0,0,0,0,0,0,0,0,0,0,0,0,0,0,0,0,0,0,0,0,0,0,0,0,0,1,0,0,0,0,1,0,1,0,0,0,0,0,0,0,0,0,0,0,1,0,48,19
"64","CA3620811844420130823","FR45",0,0,2013,"2013/08/23",2141,"S",779423226.812159,"2013-08-23",164,0,0,0,0,0,0,0,0,0,0,0,0,0,0,0,0,0,0,0,0,0,0,0,0,0,0,0,0,0,0,0,0,0,0,0,0,0,0,0,0,0,0,0,0,0,0,0,0,0,0,0,0,0,0,0,0,0,0,0,0,0,0,0,0,0,0,0,0,0,0,0,0,0,0,0,0,0,0,0,0,0,0,0,0,0,0,0,0,0,0,0,0,0,0,0,0,0,0,0,0,0,0,0,0,0,0,0,0,0,0,0,0,0,0,0,0,0,0,0,0,0,0,0,0,0,0,0,0,0,0,0,0,0,0,0,0,0,0,0,0,0,0,0,0,0,0,0,0,0,0,0,0,0,0,0,0,0,0,0,0,0,0,0,0,0,0,0,0,0,0,0,0,0,0,0,0,0,0,0,0,0,0,0,0,0,0,0,0,0,0,0,0,0,0,0,0,0,0,0,0,0,0,0,0,0,0,0,0,0,0,0,0,0,0,0,0,0,128
"65","CA3621511813520030827","FR50",0,0,2003,"2003/08/27",9356,"M",779423226.812159,"2003-08-27",44,0,0,0,0,0,0,0,0,0,0,0,0,0,0,0,0,0,0,0,0,0,0,0,0,0,0,0,0,0,0,0,0,0,0,0,0,0,0,0,0,0,0,0,0,0,0,0,0,0,0,0,0,0,0,0,0,0,0,0,0,0,0,0,0,0,0,0,0,0,0,0,0,0,0,0,0,0,0,0,0,0,0,0,0,0,0,0,0,0,0,0,0,0,0,0,0,0,0,0,0,0,0,0,0,0,0,0,0,0,0,0,0,0,0,0,0,0,0,0,0,0,0,0,0,0,0,0,0,0,0,0,0,0,0,0,0,0,0,0,0,0,0,0,0,0,0,0,0,0,0,0,0,0,0,0,0,0,0,0,0,0,0,0,0,0,0,0,0,0,0,0,0,0,0,0,0,0,0,0,0,0,0,0,0,0,0,0,0,0,0,0,0,0,0,0,0,0,0,0,0,0,0,0,0,0,0,0,0,0,0,0,0,0,0,0,0,0,8
"66","CA3623712057320040711","FR5",0,1,2004,"2004/07/11",1007,"S",779423226.812159,"2004-07-11",54,0,0,0,0,0,0,0,0,0,0,0,0,0,0,0,0,0,0,0,0,0,0,0,0,0,0,0,0,0,0,0,0,0,0,0,0,0,0,0,0,0,0,0,0,0,0,0,0,0,0,0,0,0,0,0,0,0,0,0,0,0,0,0,0,0,0,0,0,0,0,0,0,0,0,0,0,0,0,0,0,0,0,0,0,0,0,0,0,0,0,0,0,0,0,0,0,0,0,0,0,0,0,0,0,0,0,0,0,0,0,1,0,0,0,0,0,0,0,0,0,0,0,0,0,0,0,0,0,0,0,0,0,0,0,0,0,0,0,0,0,0,0,0,0,0,0,0,0,0,0,0,0,0,0,0,0,0,0,0,0,0,0,0,0,0,0,0,0,0,0,0,0,0,0,0,0,0,0,0,0,0,0,0,0,0,0,0,0,0,0,0,0,0,0,0,0,0,0,0,0,0,0,0,0,0,0,0,0,0,0,0,0,0,0,0,0,1,18
"67","CA3626811851120110708","FR7",0,0,2011,"2011/07/8",17672,"M",779423226.812159,"2011-07-08",138,0,0,0,0,0,0,0,0,0,0,0,0,0,0,0,0,0,0,0,0,0,0,0,0,0,0,0,0,0,0,0,0,0,0,0,0,0,0,0,0,0,0,0,0,0,0,0,0,0,0,0,0,0,0,0,0,0,0,0,0,0,0,0,0,0,0,0,0,0,0,0,0,0,0,0,0,0,0,0,0,0,0,0,0,0,0,0,0,0,0,0,0,0,0,0,0,0,0,0,0,0,0,0,0,0,0,0,0,0,0,0,0,0,0,0,0,0,0,0,0,0,0,0,0,0,0,0,0,0,0,0,0,0,0,0,0,0,0,0,0,0,0,0,0,0,0,0,0,0,0,0,0,0,0,0,0,0,0,0,0,0,0,0,0,0,0,0,0,0,0,0,0,0,0,0,0,0,0,0,0,0,0,0,0,0,0,0,0,0,0,0,0,0,0,0,0,0,0,0,0,0,0,0,0,0,0,0,0,0,0,0,0,0,0,0,0,0,102
"68","CA3628511842820070827","FR8",0,0,2007,"2007/08/27",1073,"S",779423226.812159,"2007-08-27",92,0,0,0,0,0,0,0,0,0,0,0,0,0,0,0,0,0,0,0,0,0,0,0,0,0,0,0,0,0,0,0,0,0,0,0,0,0,0,0,0,0,0,0,0,0,0,0,0,0,0,0,0,0,0,0,0,0,0,0,0,0,0,0,0,0,0,0,0,0,0,0,0,0,0,0,0,0,0,0,0,0,0,0,0,0,0,0,0,0,0,0,0,0,0,0,0,0,0,0,0,0,0,0,0,0,0,0,0,0,0,0,0,0,0,0,0,0,0,0,0,0,0,0,0,0,0,0,0,0,0,0,0,0,0,0,0,0,0,0,0,0,0,0,0,0,0,0,0,0,0,0,0,0,0,0,0,0,0,0,0,0,0,0,0,0,0,0,0,0,0,0,0,0,0,0,0,0,0,0,0,0,0,0,0,0,0,0,0,0,0,0,0,0,0,0,0,0,0,0,0,0,0,0,0,0,0,0,0,0,0,0,0,0,0,0,0,0,56
"69","CA3632211853320090617","FR13",0,0,2009,"2009/06/17",1286,"S",779423226.812159,"2009-06-17",114,0,0,0,0,0,0,0,0,0,0,0,0,0,0,0,0,0,0,0,0,0,0,0,0,0,0,0,0,0,0,0,0,0,0,0,0,0,0,0,0,0,0,0,0,0,0,0,0,0,0,0,0,0,0,0,0,0,0,0,0,0,0,0,0,0,0,0,0,0,0,0,0,0,0,0,0,0,0,0,0,0,0,0,0,0,0,0,0,0,0,0,0,0,0,0,0,0,0,0,0,0,0,0,0,0,0,0,0,0,0,0,0,0,0,0,0,0,0,0,0,0,0,0,0,0,0,0,0,0,0,0,0,0,0,0,0,0,0,0,0,0,0,0,0,0,0,0,0,0,0,0,0,0,0,0,0,0,0,0,0,0,0,0,0,0,0,0,0,0,0,0,0,0,0,0,0,0,0,0,0,0,0,0,0,0,0,0,0,0,0,0,0,0,0,0,0,0,0,0,0,0,0,0,0,0,0,0,0,0,0,0,0,0,0,0,0,0,78
"70","CA3632311850620060709","FR14",0,0,2006,"2006/07/9",3721,"S",779423226.812159,"2006-07-09",78,0,0,0,0,0,0,0,0,0,0,0,0,0,0,0,0,0,0,0,0,0,0,0,0,0,0,0,0,0,0,0,0,0,0,0,0,0,0,0,0,0,0,0,0,0,0,0,0,0,0,0,0,0,0,0,0,0,0,0,0,0,0,0,0,0,0,0,0,0,0,0,0,0,0,0,0,0,0,0,0,0,0,0,0,0,0,0,0,0,0,0,0,0,0,0,0,0,0,0,0,0,0,0,0,0,0,0,0,0,0,0,0,0,0,0,0,0,0,0,0,0,0,0,0,0,0,0,0,0,0,0,0,0,0,0,0,0,0,0,0,0,0,0,0,0,0,0,0,0,0,0,0,0,0,0,0,0,0,0,0,0,0,0,0,0,0,0,0,0,0,0,0,0,0,0,0,0,0,0,0,0,0,0,0,0,0,0,0,0,0,0,0,0,0,0,0,0,0,0,0,0,0,0,0,0,0,0,0,0,0,0,0,0,0,0,0,0,42
"71","CA3633511841320030824","FR73",0,0,2003,"2003/08/24",7359,"M",779423226.812159,"2003-08-24",44,0,0,0,0,0,0,0,0,0,0,0,0,0,0,0,0,0,0,0,0,0,0,0,0,0,0,0,0,0,0,0,0,0,0,0,0,0,0,0,0,0,0,0,0,0,0,0,0,0,0,0,0,0,0,0,0,0,0,0,0,0,0,0,0,0,0,0,0,0,0,0,0,0,0,0,0,0,0,0,0,0,0,0,0,0,0,0,0,0,0,0,0,0,0,0,0,0,0,0,0,0,0,0,0,0,0,0,0,0,0,0,0,0,0,0,0,0,0,0,0,0,0,0,0,0,0,0,0,0,0,0,0,0,0,0,0,0,0,0,0,0,0,0,0,0,0,0,0,0,0,0,0,0,0,0,0,0,0,0,0,0,0,0,0,0,0,0,0,0,0,0,0,0,0,0,0,0,0,0,0,0,0,0,0,0,0,0,0,0,0,0,0,0,0,0,0,0,0,0,0,0,0,0,0,0,0,0,0,0,0,0,0,0,0,0,0,0,8
"72","CA3634711853120030801","FR74",0,0,2003,"2003/08/1",1793,"S",779423226.812159,"2003-08-01",43,0,0,0,0,0,0,0,0,0,0,0,0,0,0,0,0,0,0,0,0,0,0,0,0,0,0,0,0,0,0,0,0,0,0,0,0,0,0,0,0,0,0,0,0,0,0,0,0,0,0,0,0,0,0,0,0,0,0,0,0,0,0,0,0,0,0,0,0,0,0,0,0,0,0,0,0,0,0,0,0,0,0,0,0,0,0,0,0,0,0,0,0,0,0,0,0,0,0,0,0,0,0,0,0,0,0,0,0,0,0,0,0,0,0,0,0,0,0,0,0,0,0,0,0,0,0,0,0,0,0,0,0,0,0,0,0,0,0,0,0,0,0,0,0,0,0,0,0,0,0,0,0,0,0,0,0,0,0,0,0,0,0,0,0,0,0,0,0,0,0,0,0,0,0,0,0,0,0,0,0,0,0,0,0,0,0,0,0,0,0,0,0,0,0,0,0,0,0,0,0,0,0,0,0,0,0,0,0,0,0,0,0,0,0,0,0,0,7
"73","CA3646511862420051006","FR77",0,0,2005,"2005/10/6",2373,"S",779423226.812158,"2005-10-06",69,0,0,0,0,0,0,0,0,0,0,0,0,0,0,0,0,0,0,0,0,0,0,0,0,0,0,0,0,0,0,0,0,0,0,0,0,0,0,0,0,0,0,0,0,0,0,0,0,0,0,0,0,0,0,0,0,0,0,0,0,0,0,0,0,0,0,0,0,0,0,0,0,0,0,0,0,0,0,0,0,0,0,0,0,0,0,0,0,0,0,0,0,0,0,0,0,0,0,0,0,0,0,0,0,0,0,0,0,0,0,0,0,0,0,0,0,0,0,0,0,0,0,0,0,0,0,0,0,0,0,0,0,0,0,0,0,0,0,0,0,0,0,0,0,0,0,0,0,0,0,0,0,0,0,0,0,0,0,0,0,0,0,0,0,0,0,0,0,0,0,0,0,0,0,0,0,0,0,0,0,0,0,0,0,0,0,0,0,0,0,0,0,0,0,0,0,0,0,0,0,0,0,0,0,0,0,0,0,0,0,0,0,0,0,0,0,0,33
"74","CA3646711868820030625","FR80",0,0,2003,"2003/06/25",2440,"S",779423226.812158,"2003-06-25",42,0,0,0,0,0,0,0,0,0,0,0,0,0,0,0,0,0,0,0,0,0,0,0,0,0,0,0,0,0,0,0,0,0,0,0,0,0,0,0,0,0,0,0,0,0,0,0,0,0,0,0,0,0,0,0,0,0,0,0,0,0,0,0,0,0,0,0,0,0,0,0,0,0,0,0,0,0,0,0,0,0,0,0,0,0,0,0,0,0,0,0,0,0,0,0,0,0,0,0,0,0,0,0,0,0,0,0,0,0,0,0,0,0,0,0,0,0,0,0,0,0,0,0,0,0,0,0,0,0,0,0,0,0,0,0,0,0,0,0,0,0,0,0,0,0,0,0,0,0,0,0,0,0,0,0,0,0,0,0,0,0,0,0,0,0,0,0,0,0,0,0,0,0,0,0,0,0,0,0,0,0,0,0,0,0,0,0,0,0,0,0,0,0,0,0,0,0,0,0,0,0,0,0,0,0,0,0,0,0,0,0,0,0,0,0,0,0,6
"75","CA3648711874620030927","FR81",2,1,2003,"2003/09/27",1308,"S",779423226.812159,"2003-09-27",45,0,0,0,0,0,0,0,0,0,0,0,0,0,0,0,0,0,0,0,1,0,0,0,0,0,0,0,0,0,0,0,0,0,0,0,0,0,0,0,0,0,0,0,0,0,0,0,0,0,0,0,0,0,0,1,0,0,0,1,0,0,0,0,0,0,0,0,0,0,0,0,0,0,0,0,0,0,0,0,0,0,0,0,0,0,0,0,0,0,0,0,0,0,0,0,0,0,0,0,0,0,0,1,0,0,0,0,0,0,0,0,0,0,0,0,0,0,0,0,0,0,0,0,0,0,0,0,0,0,0,0,0,0,1,0,0,0,1,0,0,0,0,0,0,0,0,0,0,0,0,0,0,0,0,0,0,0,0,0,0,1,0,0,0,0,0,0,0,0,0,0,0,0,0,0,0,0,0,0,0,0,0,0,0,0,0,1,0,0,0,0,0,0,0,0,0,0,0,0,0,0,1,0,1,0,0,0,0,0,0,0,1,0,1,0,0,12,9
"76","CA3648912045820050604","FR82",1,1,2005,"2005/06/4",2620,"S",779423226.812159,"2005-06-04",65,0,0,0,0,0,0,0,0,0,0,0,0,0,0,0,0,0,0,0,0,0,0,0,0,0,0,0,0,0,0,0,0,0,0,0,0,0,0,0,0,0,0,0,0,0,0,0,0,0,0,0,0,1,0,0,0,0,0,0,0,0,0,0,0,0,0,0,0,0,0,0,0,0,0,0,0,0,0,0,0,0,0,0,0,0,0,0,0,0,0,0,0,0,0,0,0,0,0,0,0,0,0,0,0,0,0,0,0,0,0,0,0,0,0,0,1,0,0,0,0,0,0,0,0,0,0,1,0,2,0,0,1,0,0,0,0,0,0,0,0,0,0,0,0,2,2,0,0,0,0,0,0,0,0,0,1,0,0,0,0,1,0,1,0,0,0,0,0,0,0,0,0,0,0,0,0,0,0,0,0,0,0,0,1,0,0,0,0,0,0,0,0,0,0,0,0,0,0,0,0,0,0,0,0,0,0,0,1,0,0,0,0,0,3,0,0,18,29
"77","CA3650112050920060722","FR86",1,0,2006,"2006/07/22",9224,"M",779423226.812159,"2006-07-22",79,0,0,0,0,0,0,0,0,0,0,0,0,0,0,0,0,0,0,0,0,0,0,0,0,0,0,0,0,0,0,0,0,0,0,0,0,0,0,0,0,0,0,0,0,0,0,0,0,0,0,0,0,1,0,0,0,0,0,0,0,0,0,0,0,0,0,0,0,0,0,0,0,0,0,0,0,0,0,0,0,0,0,0,0,0,0,0,0,0,0,0,0,0,0,0,0,0,0,0,0,0,0,0,0,0,0,0,0,0,0,0,0,0,0,0,0,0,0,0,0,0,0,0,0,0,0,1,0,2,0,0,0,0,0,0,0,0,0,0,0,0,0,0,0,2,1,0,0,0,0,0,0,0,0,0,1,0,0,0,0,1,0,1,0,0,0,0,0,0,0,0,0,0,0,0,0,0,0,0,0,0,0,0,1,0,0,0,0,0,0,0,0,0,0,0,0,0,0,0,0,0,0,0,0,0,0,0,1,0,0,0,0,0,3,0,0,15,43
"78","CA3651711910820050707","FR87",17,8,2005,"2005/07/7",2997,"S",779423226.812159,"2005-07-07",66,0,1,0,1,0,0,0,0,0,0,1,0,0,0,0,0,1,0,0,0,0,1,0,0,0,0,0,1,0,0,0,0,0,0,0,0,0,0,0,1,0,0,0,3,0,0,0,0,0,0,1,1,0,0,0,0,0,0,1,0,0,1,1,0,0,0,1,0,1,2,0,0,0,1,0,1,0,1,0,2,0,1,1,0,0,1,1,0,0,0,1,1,0,0,0,1,0,0,0,0,0,0,0,1,0,1,0,0,0,1,0,0,1,1,0,0,0,1,0,0,0,0,0,1,0,0,1,1,1,0,2,0,0,0,0,0,0,0,0,1,1,0,0,0,0,1,1,1,1,0,0,0,0,0,0,1,0,0,0,0,3,0,0,0,0,0,0,1,0,0,0,1,1,0,0,0,0,0,0,0,1,0,0,0,0,0,1,0,1,0,1,0,0,1,0,0,0,0,0,0,3,3,0,3,1,0,0,0,0,0,1,0,0,2,1,0,75,30
"79","CA3660311882920080910","FR92",0,0,2008,"2008/09/10",3703,"S",779423226.812159,"2008-09-10",104,0,0,0,0,0,0,0,0,0,0,0,0,0,0,0,0,0,0,0,0,0,0,0,0,0,0,0,0,0,0,0,0,0,0,0,0,0,0,0,0,0,0,0,0,0,0,0,0,0,0,0,0,0,0,0,0,0,0,0,0,0,0,0,0,0,0,0,0,0,0,0,0,0,0,0,0,0,0,0,0,0,0,0,0,0,0,0,0,0,0,0,0,0,0,0,0,0,0,0,0,0,0,0,0,0,0,0,0,0,0,0,0,0,0,0,0,0,0,0,0,0,0,0,0,0,0,0,0,0,0,0,0,0,0,0,0,0,0,0,0,0,0,0,0,0,0,0,0,0,0,0,0,0,0,0,0,0,0,0,0,0,0,0,0,0,0,0,0,0,0,0,0,0,0,0,0,0,0,0,0,0,0,0,0,0,0,0,0,0,0,0,0,0,0,0,0,0,0,0,0,0,1,0,0,0,0,0,0,0,0,0,0,0,0,0,0,1,68
"80","CA3670911869520030728","FR71",0,0,2003,"2003/07/28",3530,"S",779423226.812159,"2003-07-28",43,0,0,0,0,0,0,0,0,0,0,0,0,0,0,0,0,0,0,0,0,0,0,0,0,0,0,0,0,0,0,0,0,0,0,0,0,0,0,0,0,0,0,0,0,0,0,0,0,0,0,0,0,0,0,0,0,0,0,0,0,0,0,0,0,0,0,0,0,0,0,0,0,0,0,0,0,0,0,0,0,0,0,0,0,0,0,0,0,0,0,0,0,0,0,0,0,0,0,0,0,0,0,0,0,0,0,0,0,0,0,0,0,0,0,0,0,0,0,0,0,0,0,0,0,0,0,0,0,0,0,0,0,0,0,0,0,0,0,0,0,0,0,0,0,0,0,0,0,0,0,0,0,0,0,0,0,0,0,0,0,0,0,0,0,0,0,0,0,0,0,0,0,0,0,0,0,0,0,0,0,0,0,0,0,0,0,0,0,0,0,0,0,0,0,0,0,0,0,0,0,0,1,0,0,0,0,0,0,0,0,0,0,0,0,0,0,1,7
"81","CA3676911865720060723","FR78",0,0,2006,"2006/07/23",1865,"S",779423226.812159,"2006-07-23",79,0,0,0,0,0,0,0,0,0,0,0,0,0,0,0,0,0,0,0,0,0,0,0,0,0,0,0,0,0,0,0,0,0,0,0,0,0,0,0,0,0,0,0,0,0,0,0,0,0,0,0,0,0,0,0,0,0,0,0,0,0,0,0,0,0,0,0,0,0,0,0,0,0,0,0,0,0,0,0,0,0,0,0,0,0,0,0,0,0,0,0,0,0,0,0,0,0,0,0,0,0,0,0,0,0,0,0,0,0,0,0,0,0,0,0,0,0,0,0,0,0,0,0,0,0,0,0,1,0,0,0,0,0,0,0,0,0,0,0,0,0,0,0,0,0,0,0,0,0,0,0,0,0,0,0,0,0,0,0,0,0,0,0,0,0,0,0,0,0,0,0,0,0,0,0,0,0,0,0,0,0,0,0,0,0,0,0,0,0,0,0,0,0,0,0,0,0,0,0,0,0,0,0,0,0,0,0,0,0,0,0,0,0,0,0,0,1,43
"82","CA3678011865020081017","FR79",0,0,2008,"2008/10/17",1065,"S",779423226.812158,"2008-10-17",106,0,0,0,0,0,0,0,0,0,0,0,0,0,0,0,0,0,0,0,0,0,0,0,0,0,0,0,0,0,0,0,0,0,0,0,0,0,0,0,0,0,0,0,0,0,0,0,0,0,0,0,0,0,0,0,0,0,0,0,0,0,0,0,0,0,0,0,0,0,0,0,0,0,0,0,0,0,0,0,0,0,0,0,0,0,0,0,0,0,0,0,0,0,0,0,0,0,0,0,0,0,0,0,0,0,0,0,0,0,0,0,0,0,0,0,0,0,0,0,0,0,0,0,0,0,0,0,1,0,0,0,0,0,0,0,0,0,0,0,0,0,0,0,0,0,0,0,0,0,0,0,0,0,0,0,0,0,0,0,0,0,0,0,0,0,0,0,0,0,0,0,0,0,0,0,0,0,0,0,0,0,0,0,0,0,0,0,0,0,0,0,0,0,0,0,0,0,0,0,0,0,0,0,0,0,0,0,0,0,0,0,0,0,0,0,0,1,70
"83","CA3678311872220100716","FR83",0,0,2010,"2010/07/16",9614,"M",779423226.812159,"2010-07-16",127,0,0,0,0,0,0,0,0,0,0,0,0,0,0,0,0,0,0,0,0,0,0,0,0,0,0,0,0,0,0,0,0,0,0,0,0,0,0,0,0,0,0,0,0,0,0,0,0,0,0,0,0,0,0,0,0,0,0,0,0,0,0,0,0,0,0,0,0,0,0,0,0,0,0,0,0,0,0,0,0,0,0,0,0,0,0,0,0,0,0,0,0,0,0,0,0,0,0,0,0,0,0,0,0,0,0,0,0,0,0,0,0,0,0,0,0,0,0,0,0,0,0,0,0,0,0,0,1,0,0,0,0,0,0,0,0,0,0,0,0,0,0,0,0,0,0,0,0,0,0,0,0,0,0,0,0,0,0,0,0,0,0,0,0,0,0,0,0,0,0,0,0,0,0,0,0,0,0,0,0,0,0,0,0,0,0,0,0,0,0,0,0,0,0,0,0,0,0,0,0,0,0,0,0,0,0,0,0,0,0,0,0,0,0,0,0,1,91
"84","CA3679111937120080520","FR84",3,1,2008,"2008/05/20",1245,"S",779423226.812159,"2008-05-20",101,0,0,0,0,0,0,0,0,0,0,0,0,0,0,0,0,0,0,0,0,0,0,0,0,1,0,0,0,0,0,0,0,0,0,0,0,1,0,0,0,0,0,0,0,0,0,0,0,0,0,0,0,0,0,0,0,0,0,0,0,0,0,0,0,0,0,0,0,1,0,0,0,0,0,0,0,1,0,1,0,0,0,0,0,0,0,0,0,0,0,0,0,0,0,0,0,0,0,0,0,0,0,0,0,0,0,0,1,0,0,0,0,0,0,0,0,0,0,0,0,0,0,0,0,0,0,0,0,0,1,0,0,0,0,0,0,0,0,0,0,0,0,0,0,1,1,0,0,1,0,0,0,0,0,0,0,0,0,1,0,0,0,0,0,0,0,0,0,0,0,0,0,0,0,0,0,0,0,0,1,0,0,0,0,0,1,1,0,0,0,1,1,0,0,0,0,0,0,0,0,1,2,1,0,0,0,0,0,0,0,0,1,1,0,0,0,22,65
"85","CA3680111861920050717","FR85",0,0,2005,"2005/07/17",10622,"M",779423226.812158,"2005-07-17",67,0,0,0,0,0,0,0,0,0,0,0,0,0,0,0,0,0,0,0,0,0,0,0,0,0,0,0,0,0,0,0,0,0,0,0,0,0,0,0,0,0,0,0,0,0,0,0,0,0,0,0,0,0,0,0,0,0,0,0,0,0,0,0,0,0,0,0,0,0,0,0,0,0,0,0,0,0,0,0,0,0,0,0,0,0,0,0,0,0,0,0,0,0,0,0,0,0,0,0,0,0,0,0,0,0,0,0,0,0,0,0,0,0,0,0,0,0,0,0,0,0,0,0,0,0,0,0,1,0,0,0,0,0,0,0,0,0,0,0,0,0,0,0,0,0,0,0,0,0,0,0,0,0,0,0,0,0,0,0,0,0,0,0,0,0,0,0,0,0,0,0,0,0,0,0,0,0,0,0,0,0,0,0,0,0,0,0,0,0,0,0,0,0,0,0,0,0,0,0,0,0,0,0,0,0,0,0,0,0,0,0,0,0,0,0,0,1,31
"86","CA3681812080420050801","FR88",3,0,2005,"2005/08/1",3825,"S",779423226.812159,"2005-08-01",67,0,0,0,0,0,0,0,0,0,0,0,0,0,0,0,0,0,0,0,0,0,0,0,0,0,0,0,0,0,0,0,0,0,0,0,0,0,0,1,0,0,0,0,0,0,0,0,0,0,0,0,0,0,0,0,0,0,0,0,0,0,0,0,0,0,0,0,0,0,0,1,0,0,0,0,0,0,0,0,1,0,0,1,0,0,0,0,0,0,0,0,0,0,0,0,0,0,0,0,0,0,0,0,0,0,0,0,0,0,0,0,0,0,0,0,0,1,0,0,0,0,0,0,0,0,0,0,0,0,1,0,0,0,0,0,1,0,1,0,0,0,0,0,0,0,0,0,0,0,0,0,0,0,0,0,0,0,0,0,0,0,0,0,0,0,0,0,0,0,0,0,0,0,0,0,0,0,0,0,0,0,0,0,0,0,0,0,0,0,0,0,0,0,0,0,0,0,0,0,0,0,0,0,0,0,0,0,0,0,0,0,0,0,0,0,0,8,31
"87","CA3694111881120080719","FR72",0,0,2008,"2008/07/19",12205,"M",779423226.812159,"2008-07-19",103,0,0,0,0,0,0,0,0,0,0,0,0,0,0,0,0,0,0,0,0,0,0,0,0,0,0,0,0,0,0,0,0,0,0,0,0,0,0,0,0,0,0,0,0,0,0,0,0,0,0,0,0,0,0,0,0,0,0,0,0,0,0,0,0,0,0,0,0,0,0,0,0,0,0,0,0,0,0,0,0,0,0,0,0,0,0,0,0,0,0,0,0,0,0,0,0,0,0,0,0,0,0,0,0,0,0,0,0,0,0,0,0,0,0,0,0,0,0,0,0,0,0,0,0,0,0,0,0,0,0,0,0,0,0,0,0,0,0,0,0,0,0,0,0,0,0,0,0,0,0,0,0,0,0,0,0,0,0,0,0,0,0,0,0,0,0,0,0,0,0,0,0,0,0,0,0,0,0,0,0,0,0,0,0,0,0,0,0,0,0,0,0,0,0,0,0,0,0,0,0,0,0,0,0,0,0,0,0,0,0,0,0,0,0,0,0,0,67
"88","CA3705711928720061201","FR76",0,0,2006,"2006/12/1",2462,"S",779423226.812159,"2006-12-01",83,0,0,0,0,0,0,0,0,0,0,0,0,0,0,0,0,0,0,0,0,0,0,0,0,0,0,0,0,0,0,0,0,0,0,0,0,0,0,0,0,0,0,0,0,0,0,0,0,0,0,0,0,0,0,0,0,0,0,0,0,0,0,0,0,0,0,0,0,0,0,0,0,0,0,0,0,0,0,0,0,0,0,0,0,0,0,0,0,0,0,0,0,0,0,0,0,0,0,0,0,0,0,0,0,0,0,0,0,0,0,0,0,0,0,0,0,0,0,0,0,0,0,0,0,0,0,0,0,0,0,0,0,1,0,0,0,0,0,0,0,0,0,0,0,0,0,0,0,0,0,0,0,0,0,1,0,0,0,0,0,0,0,0,0,0,0,0,0,0,0,0,0,0,0,0,0,0,0,0,0,0,0,0,0,0,0,0,0,0,0,0,0,0,0,1,0,0,0,0,0,0,1,0,0,0,0,0,0,0,0,0,0,0,2,0,0,6,47
"89","CA3727911931820130722","FR89",0,0,2013,"2013/07/22",23565,"L",779423226.812159,"2013-07-22",163,0,0,0,0,0,0,0,0,0,0,0,0,0,0,0,0,0,0,0,0,0,0,0,0,0,0,0,0,0,0,0,0,0,0,0,0,0,0,0,0,0,0,0,0,0,0,0,0,0,0,0,0,0,0,0,0,0,0,0,0,0,0,0,0,0,0,0,0,0,0,0,0,0,0,0,0,0,0,0,0,0,0,0,0,0,0,0,0,0,0,0,0,0,0,0,0,0,0,0,0,0,0,0,0,0,0,0,0,0,0,0,0,0,0,0,0,0,0,0,0,0,0,0,0,0,0,0,0,0,0,0,0,0,0,0,0,0,0,0,0,0,0,0,0,0,0,0,0,0,0,0,0,0,0,0,0,0,0,0,0,0,0,0,0,0,0,0,0,0,0,0,0,0,0,0,0,0,0,0,0,0,0,0,0,0,0,0,0,0,0,0,0,0,0,0,0,0,0,0,0,0,0,0,0,0,0,0,0,0,0,0,0,0,0,0,0,0,127
"90","CA3759312148820090813","FR75",18,21,2009,"2009/08/13",12006,"M",779423226.812159,"2009-08-13",115,0,1,0,1,0,0,0,0,0,0,0,0,1,0,0,0,0,0,0,0,0,0,0,1,0,0,0,0,1,0,1,0,1,0,0,0,0,0,0,0,0,0,0,0,0,0,1,0,1,0,1,2,0,0,0,0,0,0,1,0,1,0,0,0,0,0,0,0,0,1,1,3,0,1,0,0,2,0,1,1,0,0,2,0,1,1,0,1,0,1,0,3,2,2,0,0,1,0,0,1,1,0,0,1,3,0,1,2,0,0,1,1,0,1,0,0,2,1,0,0,0,0,1,0,0,0,3,2,3,6,3,2,5,1,1,1,2,0,2,2,4,7,5,6,1,5,2,3,3,0,2,1,1,0,1,2,1,0,1,3,1,0,0,0,0,3,0,0,3,0,1,3,1,1,1,2,0,0,2,2,1,3,3,1,1,2,1,1,4,4,6,2,0,1,1,2,0,3,2,6,7,14,13,9,0,2,5,2,1,4,3,3,3,7,18,8,298,79
"91","CA3766912150220090619","FR90",45,48,2009,"2009/06/19",2150,"S",779423226.812159,"2009-06-19",114,2,1,0,1,0,0,0,0,0,1,0,0,1,0,0,0,1,1,1,0,1,1,0,2,0,1,0,0,1,1,1,0,1,1,0,3,0,1,0,0,1,0,0,0,0,1,4,0,1,1,1,3,1,1,1,0,1,1,1,1,1,0,0,0,0,0,1,0,1,1,2,4,3,1,2,0,2,0,1,1,3,1,4,3,2,1,1,4,0,3,0,9,2,3,2,1,2,1,0,2,2,1,1,1,4,0,3,2,1,0,2,2,0,2,1,1,2,1,2,0,0,0,1,0,2,1,4,2,6,8,7,4,7,4,3,3,7,2,2,4,8,9,12,18,10,8,2,4,5,2,8,2,1,2,2,4,3,0,4,4,1,2,3,1,1,5,2,1,5,1,1,6,2,3,3,3,0,3,2,4,3,4,5,4,4,5,2,7,8,9,10,8,4,3,3,5,0,4,6,14,17,27,26,19,5,3,8,3,4,8,9,6,9,22,34,16,682,78
"92","CA3767712151320060711","FR91",41,46,2006,"2006/07/11",6344,"S",779423226.812159,"2006-07-11",78,0,1,0,1,0,0,0,0,0,1,0,0,1,0,0,0,1,1,1,0,1,1,0,1,0,0,0,0,1,1,1,0,1,1,0,3,0,1,0,0,1,0,0,0,0,0,4,0,0,1,1,3,1,1,0,0,0,1,1,1,1,0,0,0,0,0,0,0,1,1,2,4,3,1,2,0,2,0,1,1,2,1,4,3,2,1,1,4,0,3,0,8,2,3,2,1,2,1,0,1,2,1,1,1,4,0,3,2,1,0,2,2,0,2,1,1,2,1,2,0,0,0,1,0,0,1,4,2,5,7,7,4,7,3,3,2,6,2,2,4,8,8,12,14,6,6,2,4,5,2,5,1,1,2,2,3,2,0,4,4,1,1,2,1,1,5,2,1,5,1,1,6,1,3,3,3,0,3,2,4,2,4,4,4,3,4,3,7,8,9,10,7,4,2,3,4,0,4,5,14,15,26,25,18,4,3,8,3,4,8,9,6,9,22,32,14,626,42
