"hexid","month","observed","predicted"
"FR81",-36,0,0.00364662926246406
"FR81",-35,0,0.0992290915116394
"FR81",-34,0,0.145612933133148
"FR81",-33,0,0.170048557913873
"FR81",-32,1,0.0815140237485051
"FR81",-31,0,0.0562545775005212
"FR81",-30,0,0.164062030221051
"FR81",-29,0,-0.0132724520258903
"FR81",-28,0,0.061727630897898
"FR81",-27,0,0.421527071608165
"FR81",-26,0,0.42217356219746
"FR81",-25,0,0.0693582549386465
"FR81",-24,0,0.621501910123282
"FR81",-23,1,0.583152280032127
"FR81",-22,0,0.0827333747087838
"FR81",-21,2,0.554531961199568
"FR81",-20,0,-0.0503045692909359
"FR81",-19,0,0.427569534085446
"FR81",-18,0,0.368669936807334
"FR81",-17,0,0.273346118425554
"FR81",-16,0,0.271683374258869
"FR81",-15,1,0.627779677075999
"FR81",-14,0,0.593442620310919
"FR81",-13,1,0.462185504638407
"FR81",-12,0,0.304710612260633
"FR81",-11,1,0.233833670597437
"FR81",-10,0,0.225372509423088
"FR81",-9,0,0.421185071042444
"FR81",-8,0,-0.0367218897044437
"FR81",-7,0,0.14379072378793
"FR81",-6,1,-0.051996999869107
"FR81",-5,0,0.319495375901154
"FR81",-4,0,0.298387174497885
"FR81",-3,1,0.122708626244406
"FR81",-2,0,0.521061492535737
"FR81",-1,0,0.657810759031837
"FR81",0,0,0.729627164558883
"FR81",1,0,1.00237001659678
"FR81",2,0,0.514532416065045
"FR81",3,0,0.345497323167661
"FR81",4,0,0.60743315662586
"FR81",5,0,0.422615184281281
"FR81",6,0,0.248933809927221
"FR81",7,0,0.130979032795315
"FR81",8,0,0.329166246087509
"FR81",9,0,0.509386247627292
"FR81",10,0,0.462622900038721
"FR81",11,0,0.262937435620003
"FR81",12,0,0.492559327237857
"FR81",13,0,0.702456665867497
"FR81",14,0,1.24281064230843
"FR81",15,0,0.492563333821446
"FR81",16,0,0.184472074233218
"FR81",17,0,0.530807009505866
"FR81",18,0,0.49247488154262
"FR81",19,0,0.315201697851358
"FR81",20,0,0.459094908604143
"FR81",21,1,0.373676993704574
"FR81",22,0,0.159022994030727
"FR81",23,0,0.0406900642519697
"FR81",24,0,0.335407432447151
"FR81",25,0,0.0980699341755175
"FR81",26,0,0.416212169990297
"FR81",27,0,0.166920887901782
"FR81",28,0,-0.00925728444372487
"FR81",29,1,0.414408714768654
"FR81",30,0,0.303926674214039
"FR81",31,0,0.0821744507417316
"FR81",32,0,0.363522333958831
"FR81",33,1,0.222471718271828
"FR81",34,0,0.351375164174745
"FR81",35,1,0.357258582393799
"FR81",36,1,0.29352899029707
"FR5",-36,1,0.902917028950022
"FR5",-35,1,1.00422848874047
"FR5",-34,3,1.27215280550302
"FR5",-33,1,1.42274534492781
"FR5",-32,1,0.502999231172964
"FR5",-31,2,0.79167344377117
"FR5",-30,0,0.802342892948994
"FR5",-29,0,0.498967551337238
"FR5",-28,2,0.639560140074445
"FR5",-27,1,1.10046649195524
"FR5",-26,0,0.598545575401087
"FR5",-25,1,0.958908475601931
"FR5",-24,1,1.35077729019693
"FR5",-23,1,0.721015408189051
"FR5",-22,1,0.755378588732371
"FR5",-21,0,1.59500304872255
"FR5",-20,0,0.620090433456962
"FR5",-19,1,1.80125137122227
"FR5",-18,2,1.91160449073926
"FR5",-17,1,0.773010924753348
"FR5",-16,1,0.706561407348536
"FR5",-15,1,0.814286693911442
"FR5",-14,0,1.18848075331858
"FR5",-13,2,2.17772987809221
"FR5",-12,2,1.43868227802294
"FR5",-11,2,1.08020140476319
"FR5",-10,3,1.59216520861784
"FR5",-9,1,0.946519978364417
"FR5",-8,1,1.22125066888758
"FR5",-7,0,0.841955685247306
"FR5",-6,1,1.3095261940716
"FR5",-5,0,0.688043695994321
"FR5",-4,2,0.726815143351307
"FR5",-3,0,0.532209810181254
"FR5",-2,0,0.711932173430335
"FR5",-1,4,0.59168810152196
"FR5",0,1,0.654101363177863
"FR5",1,1,0.477338893492216
"FR5",2,4,0.622406678189364
"FR5",3,1,0.692736448278592
"FR5",4,0,1.92732201121581
"FR5",5,2,0.47962229505757
"FR5",6,2,0.726062605690481
"FR5",7,0,1.14814643674594
"FR5",8,2,0.829318567085333
"FR5",9,2,0.547987280708009
"FR5",10,0,0.838401853023931
"FR5",11,0,1.03955549441185
"FR5",12,0,1.22620478975443
"FR5",13,1,1.19489745021941
"FR5",14,0,0.581919593355722
"FR5",15,0,1.55250718910539
"FR5",16,1,0.760667398511766
"FR5",17,1,0.899849931526386
"FR5",18,1,0.920151768384516
"FR5",19,0,0.521711821363295
"FR5",20,0,1.12041213313985
"FR5",21,0,0.579768740056157
"FR5",22,4,0.736444192923846
"FR5",23,1,0.630597164142548
"FR5",24,0,1.45126457562245
"FR5",25,0,0.928291411082705
"FR5",26,2,0.931876997780636
"FR5",27,2,0.72558212900622
"FR5",28,0,1.64880229199998
"FR5",29,1,1.42623484666425
"FR5",30,0,1.07924072923729
"FR5",31,2,0.314647565512045
"FR5",32,0,0.436613941954583
"FR5",33,0,0.214104058443633
"FR5",34,2,0.40673468178454
"FR5",35,1,0.0599629987996109
"FR5",36,0,1.27772243206517
"FR77",-36,0,0.110203152681352
"FR77",-35,0,-0.0734606503748533
"FR77",-34,0,-0.108631052640224
"FR77",-33,0,-0.187976766547934
"FR77",-32,0,0.0694065173880076
"FR77",-31,0,-0.0437219984599544
"FR77",-30,0,0.125994635198149
"FR77",-29,0,-0.0282057865151392
"FR77",-28,0,0.205366077736478
"FR77",-27,0,0.0230158770196306
"FR77",-26,0,-0.222842808261743
"FR77",-25,0,-0.0561770590062308
"FR77",-24,0,-0.0121138194515724
"FR77",-23,0,0.00887148117232239
"FR77",-22,0,0.053919287041486
"FR77",-21,0,-0.0679355357985337
"FR77",-20,0,-0.190045199658045
"FR77",-19,0,0.110002027369876
"FR77",-18,0,0.171962973434232
"FR77",-17,0,0.0592526758973886
"FR77",-16,0,-0.256002620647129
"FR77",-15,0,0.0428649578584306
"FR77",-14,0,-0.15246562635969
"FR77",-13,0,-0.132752594831797
"FR77",-12,0,0.0478675663292132
"FR77",-11,0,0.291888512481883
"FR77",-10,0,-0.129068816605462
"FR77",-9,0,0.0736841712550143
"FR77",-8,0,0.0779334092644961
"FR77",-7,0,0.227097026208758
"FR77",-6,0,0.248722778906787
"FR77",-5,0,0.0915815280143638
"FR77",-4,0,-0.146027073881977
"FR77",-3,0,-0.210961495493488
"FR77",-2,0,-0.0212457507241164
"FR77",-1,0,0.156231255562767
"FR77",0,0,0.0267706151293674
"FR77",1,0,0.531780926217938
"FR77",2,0,0.704365634437975
"FR77",3,0,0.70775102767276
"FR77",4,1,0.696046302872528
"FR77",5,0,0.278616699725719
"FR77",6,0,0.437445443153081
"FR77",7,0,0.675150322471184
"FR77",8,0,0.237711033415466
"FR77",9,0,0.395674098327517
"FR77",10,0,0.397114532961894
"FR77",11,0,0.50164388062604
"FR77",12,0,0.354309881171397
"FR77",13,0,0.449867706762927
"FR77",14,0,0.28740892717115
"FR77",15,0,0.623471781799849
"FR77",16,0,0.818938521220873
"FR77",17,0,0.590373952794715
"FR77",18,0,0.494329550421019
"FR77",19,0,0.766500635455802
"FR77",20,0,0.350377244561063
"FR77",21,0,0.183705605534258
"FR77",22,0,0.363579536472525
"FR77",23,0,0.0709087556202647
"FR77",24,0,-0.0649483456788388
"FR77",25,0,0.279729596083897
"FR77",26,0,0.0610756913240558
"FR77",27,0,0.174881585568887
"FR77",28,0,0.130559623027552
"FR77",29,0,0.293300131708579
"FR77",30,0,-0.0423938102022803
"FR77",31,0,0.257166914561195
"FR77",32,0,0.250807588497139
"FR77",33,0,0.041021002420395
"FR77",34,0,0.164434238222565
"FR77",35,0,-0.0115760259151523
"FR77",36,0,0.127404103533476
"FR32",-36,0,1.02887017097322
"FR32",-35,0,0.689006894848105
"FR32",-34,1,0.415585573697657
"FR32",-33,1,0.746452563430847
"FR32",-32,0,0.41372663507385
"FR32",-31,0,-0.0284178423470756
"FR32",-30,0,0.740614866176377
"FR32",-29,0,-0.0666341758808611
"FR32",-28,4,0.783925572504854
"FR32",-27,1,0.130489559250369
"FR32",-26,0,1.6726924548119
"FR32",-25,0,1.23716152321228
"FR32",-24,2,0.896492312807744
"FR32",-23,2,0.944316238165429
"FR32",-22,0,1.16153809062147
"FR32",-21,1,1.83598738403709
"FR32",-20,0,0.940789249078596
"FR32",-19,2,0.472941537101183
"FR32",-18,0,0.871891804718588
"FR32",-17,0,0.75047799331265
"FR32",-16,2,0.378839477920209
"FR32",-15,2,1.3039370745041
"FR32",-14,0,3.06377399783571
"FR32",-13,5,4.62171941285861
"FR32",-12,10,8.42894179978434
"FR32",-11,6,5.90237836351338
"FR32",-10,0,0.461791499655885
"FR32",-9,4,3.28918299866841
"FR32",-8,4,1.87654528256371
"FR32",-7,2,2.11237695540395
"FR32",-6,2,2.73924044667493
"FR32",-5,4,2.72401214997688
"FR32",-4,4,3.16758693933681
"FR32",-3,2,3.95363353978014
"FR32",-2,2,3.33813165592866
"FR32",-1,2,5.08083627329983
"FR32",0,3,6.18982222678048
"FR32",1,2,3.81406114801893
"FR32",2,2,3.03598774888269
"FR32",3,3,2.58330020319414
"FR32",4,1,4.27879844918873
"FR32",5,2,1.41389825974099
"FR32",6,3,1.13505827923531
"FR32",7,1,0.969091908369115
"FR32",8,2,0.968575503171862
"FR32",9,3,0.97692055238991
"FR32",10,1,2.19282502378052
"FR32",11,2,1.5184929063741
"FR32",12,2,2.4690116709036
"FR32",13,4,1.51644371752109
"FR32",14,3,3.49028378842653
"FR32",15,1,0.801828153095792
"FR32",16,1,1.75202462029684
"FR32",17,3,1.38046878729822
"FR32",18,3,0.806891160392885
"FR32",19,8,1.3625529391248
"FR32",20,5,0.160952262028502
"FR32",21,1,1.08431876789081
"FR32",22,4,0.98881035479147
"FR32",23,3,0.999225127594318
"FR32",24,4,1.40031414934215
"FR32",25,1,1.74091621693263
"FR32",26,2,0.321251504389903
"FR32",27,0,1.92132457316062
"FR32",28,0,0.357613772586482
"FR32",29,1,0.50731936600618
"FR32",30,1,0.362894954134705
"FR32",31,1,0.724809450914067
"FR32",32,1,-0.110998205670113
"FR32",33,0,-0.184991830099656
"FR32",34,2,-0.768459825425515
"FR32",35,1,-0.429714353940127
"FR32",36,2,0.897779683263713
"FR25",-36,0,0.281447933300158
"FR25",-35,0,-0.0441340268853706
"FR25",-34,0,-0.129170057844174
"FR25",-33,0,-0.0732256241079867
"FR25",-32,0,-0.0415016189297739
"FR25",-31,0,-0.148452316573504
"FR25",-30,0,-0.283878591118195
"FR25",-29,0,-0.283420606154341
"FR25",-28,0,-0.198707011929215
"FR25",-27,0,0.180871640560315
"FR25",-26,0,-0.04545312933754
"FR25",-25,0,-0.0969155768365564
"FR25",-24,0,0.116449183673874
"FR25",-23,0,0.178454100505174
"FR25",-22,0,0.195855155922366
"FR25",-21,0,-0.14121300245235
"FR25",-20,0,-0.173558563992538
"FR25",-19,0,0.18859641909167
"FR25",-18,0,-0.295162859306319
"FR25",-17,0,-0.126345196957297
"FR25",-16,0,0.153942804299096
"FR25",-15,0,0.272155361511888
"FR25",-14,0,0.445963049605298
"FR25",-13,0,0.488575966393447
"FR25",-12,1,-0.0476140124739777
"FR25",-11,0,0.293764404129476
"FR25",-10,1,0.297616168385272
"FR25",-9,0,0.115650571773689
"FR25",-8,0,-0.0054218432556068
"FR25",-7,0,0.235826713338809
"FR25",-6,0,0.176312875217276
"FR25",-5,0,0.315876717661903
"FR25",-4,0,0.169706715993506
"FR25",-3,0,-0.00372739737844019
"FR25",-2,0,0.0308356541699687
"FR25",-1,0,0.359004447891812
"FR25",0,0,-0.0762783959468636
"FR25",1,1,0.0611230863502706
"FR25",2,0,-0.0915491645456719
"FR25",3,0,-0.312934575297108
"FR25",4,1,-0.117696717072248
"FR25",5,0,0.0261969848115154
"FR25",6,1,0.0177892900211538
"FR25",7,0,-0.292927728565942
"FR25",8,0,0.162382926883566
"FR25",9,0,0.257880659545556
"FR25",10,0,0.444597929025775
"FR25",11,0,0.207196555297222
"FR25",12,0,0.0692936159273415
"FR25",13,0,0.0429021438924793
"FR25",14,0,-0.0372573062587543
"FR25",15,0,-0.0680790134477072
"FR25",16,0,0.440648441172585
"FR25",17,0,-0.00530272787841812
"FR25",18,0,-0.0856847822084584
"FR25",19,0,-0.0689588250743625
"FR25",20,0,0.292983487421122
"FR25",21,0,0.284615485881608
"FR25",22,0,0.266364224707541
"FR25",23,0,0.0294737487259253
"FR25",24,0,0.149091590519489
"FR25",25,0,0.167671248968693
"FR25",26,0,0.0621263906653127
"FR25",27,0,0.107340484784929
"FR25",28,0,0.42767438323599
"FR25",29,0,0.130021703422806
"FR25",30,0,0.294473767711284
"FR25",31,0,0.439363133375815
"FR25",32,0,0.0297714051295257
"FR25",33,0,0.362196427309229
"FR25",34,0,0.814646772940544
"FR25",35,0,0.309811883551471
"FR25",36,0,-0.0548474009844236
"FR47",-36,0,0.153617698622116
"FR47",-35,0,-0.181598123547501
"FR47",-34,0,0.321396537506084
"FR47",-33,1,0.238736615064759
"FR47",-32,0,0.229909777097526
"FR47",-31,0,-0.548290515597905
"FR47",-30,0,0.0735966566577596
"FR47",-29,0,0.0464446359212169
"FR47",-28,0,-0.105190159600631
"FR47",-27,0,0.0430226178733654
"FR47",-26,0,0.403790447347367
"FR47",-25,0,0.452766249142676
"FR47",-24,0,0.166386235528787
"FR47",-23,0,-0.0802883715727705
"FR47",-22,0,-0.222508470868577
"FR47",-21,0,-0.119279280078446
"FR47",-20,0,0.163288764044414
"FR47",-19,0,-0.431150650587854
"FR47",-18,0,-0.186241506122036
"FR47",-17,0,-0.400827189742083
"FR47",-16,0,0.00105522784606382
"FR47",-15,0,0.152437253433956
"FR47",-14,0,-0.0879813655000283
"FR47",-13,0,0.22337517742449
"FR47",-12,0,0.269083937214358
"FR47",-11,1,0.264779168879622
"FR47",-10,0,0.689497638858458
"FR47",-9,0,0.10456135615553
"FR47",-8,0,-0.0945507224338122
"FR47",-7,0,0.239352892662828
"FR47",-6,0,-0.117672317014976
"FR47",-5,0,-0.0932590158197087
"FR47",-4,0,-0.0950782939890975
"FR47",-3,0,0.167773695141996
"FR47",-2,0,0.359043400052057
"FR47",-1,0,0.118029565959874
"FR47",0,0,-0.137941821792442
"FR47",1,0,0.0381321308191962
"FR47",2,0,0.329373227369655
"FR47",3,0,0.772153902635793
"FR47",4,0,0.102640856784463
"FR47",5,0,-0.369034136249655
"FR47",6,0,0.117103030285453
"FR47",7,0,0.020426338265074
"FR47",8,0,-0.0556348232269165
"FR47",9,0,0.176632194994358
"FR47",10,0,0.143864298842825
"FR47",11,0,-0.123116128095703
"FR47",12,1,-0.356456873871262
"FR47",13,0,-0.0125324516029709
"FR47",14,1,-0.233970226128478
"FR47",15,0,-0.00271170029266438
"FR47",16,0,-0.227270092451302
"FR47",17,0,-0.477657234053646
"FR47",18,0,-0.0442593516362039
"FR47",19,0,-0.209624844006178
"FR47",20,0,-0.328786620667898
"FR47",21,0,-0.0511546383508348
"FR47",22,0,-0.0613726484672067
"FR47",23,0,-0.00378738375999578
"FR47",24,0,0.0291653345065515
"FR47",25,0,-0.147844685224288
"FR47",26,0,-0.554108599334761
"FR47",27,0,-0.169847848812504
"FR47",28,0,-0.0872638874916936
"FR47",29,0,-0.108129605429421
"FR47",30,0,-0.295696681120872
"FR47",31,0,-0.143700840091134
"FR47",32,0,-0.159869971400097
"FR47",33,0,-0.319429022351577
"FR47",34,0,-0.0316049460210378
"FR47",35,0,0.258013358954063
"FR47",36,0,0.00883215543349876
"FR18",-36,0,-0.00844007933051039
"FR18",-35,0,0.0926526552091094
"FR18",-34,0,-0.0429621440555832
"FR18",-33,0,-0.130537288918058
"FR18",-32,0,-0.163924520408489
"FR18",-31,0,-0.135156064285815
"FR18",-30,0,0.102527688779299
"FR18",-29,0,-0.1391572394219
"FR18",-28,0,-0.0269678736590436
"FR18",-27,0,-0.0538280462979588
"FR18",-26,0,0.0249239161418827
"FR18",-25,0,0.142804359248717
"FR18",-24,0,0.51665540072465
"FR18",-23,0,-0.0374552266049513
"FR18",-22,0,0.121303232775166
"FR18",-21,1,0.095587945039469
"FR18",-20,0,0.290279476817637
"FR18",-19,0,0.136856839131195
"FR18",-18,0,0.248328192905383
"FR18",-17,0,-0.168019866245115
"FR18",-16,1,-0.0351673045255885
"FR18",-15,0,-0.0428077655678387
"FR18",-14,0,0.156162083443552
"FR18",-13,0,0.141261379037395
"FR18",-12,0,0.20743399728527
"FR18",-11,1,0.267346763380357
"FR18",-10,1,0.816541318214769
"FR18",-9,0,0.670748172000939
"FR18",-8,0,0.287583435133231
"FR18",-7,0,-0.048821807753636
"FR18",-6,0,0.529754648363263
"FR18",-5,0,0.0207415282430248
"FR18",-4,0,0.200329185200009
"FR18",-3,1,0.430037711598719
"FR18",-2,0,0.533385298401452
"FR18",-1,0,0.41916475439511
"FR18",0,0,0.691664658695808
"FR18",1,0,-0.0690404804044298
"FR18",2,1,0.47864574970984
"FR18",3,0,0.391016210734328
"FR18",4,1,0.270453519983655
"FR18",5,0,-0.0225062333014039
"FR18",6,0,0.388230127532806
"FR18",7,0,0.121864231335976
"FR18",8,0,0.32697746741318
"FR18",9,0,0.255718357172253
"FR18",10,0,0.0359818643471536
"FR18",11,0,-0.205275931356455
"FR18",12,0,0.319383364800952
"FR18",13,1,-0.132004416625653
"FR18",14,0,0.170764532371113
"FR18",15,0,-0.183515977572893
"FR18",16,0,-0.0749225691948094
"FR18",17,0,-0.129628830627706
"FR18",18,0,0.104903170388385
"FR18",19,0,0.171104307465676
"FR18",20,0,-0.129616940650967
"FR18",21,0,0.236627113945536
"FR18",22,0,-0.037022752677293
"FR18",23,1,0.470665149519716
"FR18",24,0,0.16699742272828
"FR18",25,0,0.0194843128969688
"FR18",26,0,0.028409862260359
"FR18",27,0,-0.223024383646255
"FR18",28,0,-0.198765369749479
"FR18",29,0,0.557432520575938
"FR18",30,1,-0.0417995747769109
"FR18",31,0,0.0702030849834028
"FR18",32,0,-0.0166288190840378
"FR18",33,0,0.378148636703861
"FR18",34,0,0.266810506457357
"FR18",35,0,0.165165157870654
"FR18",36,0,-0.0532649332620743
"FR41",-36,0,0.566226061997076
"FR41",-35,0,0.374985785308273
"FR41",-34,0,0.36857924870765
"FR41",-33,0,0.454142047560191
"FR41",-32,0,0.101151707935596
"FR41",-31,1,0.498925855433662
"FR41",-30,0,0.790595025847548
"FR41",-29,0,0.315735925433082
"FR41",-28,0,0.594340952403837
"FR41",-27,1,0.270111951429021
"FR41",-26,1,0.41790992895866
"FR41",-25,1,0.522146913887867
"FR41",-24,0,0.962313647882448
"FR41",-23,0,0.250159856324269
"FR41",-22,1,0.441023457358808
"FR41",-21,1,0.538874643765996
"FR41",-20,2,0.93221290209353
"FR41",-19,0,0.0848140895626488
"FR41",-18,0,0.527543905153711
"FR41",-17,0,0.132700833640035
"FR41",-16,1,0.216576205371029
"FR41",-15,0,0.37683391634961
"FR41",-14,0,0.32342769596097
"FR41",-13,0,0.321799976708502
"FR41",-12,0,0.435415810166591
"FR41",-11,1,0.217342977264821
"FR41",-10,0,0.429729379072945
"FR41",-9,0,0.429860821503619
"FR41",-8,1,0.660808760453434
"FR41",-7,0,-0.13629527218226
"FR41",-6,0,1.05826674012816
"FR41",-5,2,0.493547236916016
"FR41",-4,1,0.801763694555194
"FR41",-3,1,0.743263527741902
"FR41",-2,1,0.483163789305568
"FR41",-1,0,-0.170559557425086
"FR41",0,2,0.688125653855673
"FR41",1,1,-0.667568264997358
"FR41",2,0,0.0890431058952781
"FR41",3,0,-0.232277574008227
"FR41",4,0,0.27531322422627
"FR41",5,0,-0.4871654301526
"FR41",6,0,0.120224652220456
"FR41",7,1,-0.26421741034279
"FR41",8,1,0.211945289293759
"FR41",9,0,0.299526479442425
"FR41",10,1,0.190214377130373
"FR41",11,1,-0.318705270658985
"FR41",12,1,0.269078633499753
"FR41",13,0,-0.135245575916614
"FR41",14,0,0.322273837199289
"FR41",15,1,-0.155869820571381
"FR41",16,0,-0.302396739130401
"FR41",17,0,-0.158233918804806
"FR41",18,0,0.347041323335076
"FR41",19,0,0.589345692817854
"FR41",20,0,-0.02911737019993
"FR41",21,0,0.140219779222069
"FR41",22,0,-0.364297958345036
"FR41",23,0,0.673667122362737
"FR41",24,0,0.266007103908332
"FR41",25,0,0.0681784315073226
"FR41",26,1,-0.0202939170971559
"FR41",27,0,-0.63926433435812
"FR41",28,1,-0.242684507154768
"FR41",29,0,1.02018713781483
"FR41",30,0,0.0268319331528701
"FR41",31,0,0.392856448646968
"FR41",32,0,0.1621115259905
"FR41",33,1,0.821198442856326
"FR41",34,0,0.451516100882011
"FR41",35,0,0.28359262436682
"FR41",36,0,-0.215837156805441
"FR21",-36,0,0.410330645566497
"FR21",-35,1,0.416776676883112
"FR21",-34,0,0.369093664327855
"FR21",-33,0,0.511717909233128
"FR21",-32,0,0.368877861732611
"FR21",-31,1,0.275967183157018
"FR21",-30,0,0.655886600296155
"FR21",-29,0,0.364104089994415
"FR21",-28,2,0.341318469790042
"FR21",-27,0,0.108133669001251
"FR21",-26,0,0.489491366289158
"FR21",-25,1,0.260283031722755
"FR21",-24,0,0.319503977551844
"FR21",-23,1,0.0994367288550131
"FR21",-22,0,-0.292643480247492
"FR21",-21,0,0.602101147713564
"FR21",-20,0,0.45097373977407
"FR21",-19,0,0.475130179353805
"FR21",-18,1,0.112324613636732
"FR21",-17,0,0.328723641908093
"FR21",-16,0,-0.0144596755089831
"FR21",-15,0,-0.0157693065610234
"FR21",-14,1,0.53493889740625
"FR21",-13,0,0.640188023132962
"FR21",-12,0,0.108910758416176
"FR21",-11,0,0.260974775766419
"FR21",-10,0,0.629872096170237
"FR21",-9,0,0.500631185430668
"FR21",-8,0,0.0754497248516725
"FR21",-7,0,0.38222843311076
"FR21",-6,1,0.156427253960888
"FR21",-5,1,0.155810641653592
"FR21",-4,1,0.485483792571164
"FR21",-3,0,0.101479170998086
"FR21",-2,0,0.330302512061527
"FR21",-1,1,0.0644908545245939
"FR21",0,2,-0.374630454943415
"FR21",1,1,-0.28680144163526
"FR21",2,0,-0.0240652905348973
"FR21",3,0,0.373535194410042
"FR21",4,1,0.157486527367669
"FR21",5,0,0.971604937304102
"FR21",6,3,0.446761392290077
"FR21",7,0,0.68269520245603
"FR21",8,1,0.677147064615313
"FR21",9,0,0.541989611863372
"FR21",10,0,-0.119341407969243
"FR21",11,1,0.579031344780701
"FR21",12,0,-0.44648025768434
"FR21",13,1,-0.285148943097888
"FR21",14,1,-0.444949193788698
"FR21",15,1,0.00896043816029835
"FR21",16,2,-0.656764165159848
"FR21",17,2,0.134695479295309
"FR21",18,0,-0.170188889592572
"FR21",19,0,0.12682105325942
"FR21",20,2,0.273689588239064
"FR21",21,2,0.32729869461862
"FR21",22,2,-0.0425620775763016
"FR21",23,0,0.504235995693379
"FR21",24,1,0.116322345955258
"FR21",25,0,0.50025431745874
"FR21",26,1,0.219920947930443
"FR21",27,1,-0.631539811480659
"FR21",28,1,0.149734156040798
"FR21",29,2,0.396969102876144
"FR21",30,0,0.670703488915252
"FR21",31,2,0.233555799203207
"FR21",32,3,0.378431782939059
"FR21",33,3,0.0141047352036714
"FR21",34,0,0.936583984776579
"FR21",35,0,0.58526631195581
"FR21",36,0,0.100216184293785
"FR44",-36,0,-0.102571100479539
"FR44",-35,0,0.379927103856095
"FR44",-34,0,0.368086075005225
"FR44",-33,1,0.321259835519993
"FR44",-32,0,-0.120014180814065
"FR44",-31,0,-0.0511162135490272
"FR44",-30,0,0.0804775632812039
"FR44",-29,0,0.515267774306791
"FR44",-28,0,0.0683159927987764
"FR44",-27,1,-0.0348610677512746
"FR44",-26,0,-0.194627339632097
"FR44",-25,0,0.335886336417468
"FR44",-24,2,0.307907839562714
"FR44",-23,0,0.125118855545998
"FR44",-22,0,0.182344562003397
"FR44",-21,0,0.404650354042926
"FR44",-20,0,0.160101915431403
"FR44",-19,0,0.655894478978992
"FR44",-18,0,0.388045821311628
"FR44",-17,0,0.0793917622883619
"FR44",-16,0,0.385823263509074
"FR44",-15,0,0.200163310268008
"FR44",-14,0,0.132709237522618
"FR44",-13,0,0.10959214930567
"FR44",-12,1,-0.227106074131787
"FR44",-11,0,0.125780680912286
"FR44",-10,0,-0.0653569627877646
"FR44",-9,0,0.208530077537897
"FR44",-8,0,-0.391461982166726
"FR44",-7,0,0.387256754796714
"FR44",-6,0,0.307157834599502
"FR44",-5,0,0.228564125202527
"FR44",-4,0,-0.519536616162477
"FR44",-3,0,-0.114004015708824
"FR44",-2,0,0.362401849178315
"FR44",-1,0,0.127117604173441
"FR44",0,0,0.262848526567685
"FR44",1,0,0.1489402572984
"FR44",2,0,0.110664621597774
"FR44",3,0,0.146980503651562
"FR44",4,0,-0.00152214059225864
"FR44",5,0,0.00881414335274633
"FR44",6,0,0.0122760888370603
"FR44",7,0,-0.0858371386891785
"FR44",8,0,0.375763010717289
"FR44",9,0,-0.253967763983501
"FR44",10,2,-0.354091031101753
"FR44",11,0,-0.239239950393184
"FR44",12,0,-0.0299415710240017
"FR44",13,0,-0.201296776472549
"FR44",14,0,0.280598119254648
"FR44",15,1,-0.00582752094069572
"FR44",16,0,-0.645740383550949
"FR44",17,0,-0.0855179379465846
"FR44",18,0,0.272814996011649
"FR44",19,0,0.22667306353731
"FR44",20,0,-0.0720708052900972
"FR44",21,0,-0.154912359068498
"FR44",22,0,0.0557862063768925
"FR44",23,0,-0.443131609657969
"FR44",24,0,0.294933234762328
"FR44",25,0,0.289196986439804
"FR44",26,0,-0.098921144124381
"FR44",27,0,-0.0681866718577533
"FR44",28,0,0.100256898820581
"FR44",29,0,0.0535615545802369
"FR44",30,0,0.15239045777974
"FR44",31,0,-0.0705229487077653
"FR44",32,0,-0.048360760532558
"FR44",33,0,-0.0900767833205658
"FR44",34,1,0.222454714768686
"FR44",35,0,0.898621259299497
"FR44",36,0,-0.017333740706987
"FR29",-36,0,0.453740803770204
"FR29",-35,1,0.165947736624595
"FR29",-34,1,0.890118649122296
"FR29",-33,0,0.097454001548217
"FR29",-32,0,0.327226511401063
"FR29",-31,0,0.341015652380303
"FR29",-30,0,0.164072264406249
"FR29",-29,0,0.289721328046916
"FR29",-28,0,0.238468318673694
"FR29",-27,1,0.754089484906932
"FR29",-26,0,0.827974665055035
"FR29",-25,0,0.221748691405541
"FR29",-24,0,0.490213294824788
"FR29",-23,0,0.214971412650878
"FR29",-22,1,0.2029352841013
"FR29",-21,1,0.364296602091057
"FR29",-20,0,0.033386036618795
"FR29",-19,1,0.0991450375396141
"FR29",-18,0,0.155220936549592
"FR29",-17,0,0.335021279797998
"FR29",-16,0,0.171246486165113
"FR29",-15,0,0.200541619166324
"FR29",-14,0,0.607331920393087
"FR29",-13,2,0.504689387863422
"FR29",-12,0,-0.0016702559313817
"FR29",-11,0,-0.0334490675471801
"FR29",-10,0,0.198610543948644
"FR29",-9,0,0.0009239410609303
"FR29",-8,0,-0.124142797806204
"FR29",-7,0,0.103071608988043
"FR29",-6,0,0.116584364569301
"FR29",-5,0,0.169983536178167
"FR29",-4,0,0.15293853748339
"FR29",-3,2,0.809158743564609
"FR29",-2,0,0.457413440388662
"FR29",-1,0,0.157505252750192
"FR29",0,0,-0.0968926372763602
"FR29",1,1,0.112741295724486
"FR29",2,0,0.547769099341633
"FR29",3,0,0.524252983377326
"FR29",4,0,0.572932115697671
"FR29",5,0,0.381947746176338
"FR29",6,0,-0.0392787001993964
"FR29",7,0,-0.104217522378218
"FR29",8,0,0.227321446644512
"FR29",9,0,0.382607529386741
"FR29",10,1,-0.00158097913523569
"FR29",11,0,-0.224838587578742
"FR29",12,0,0.363774522352978
"FR29",13,0,0.204740636162197
"FR29",14,0,0.534223198325654
"FR29",15,1,0.631245968462384
"FR29",16,0,-0.0773288026656881
"FR29",17,1,-0.0855825235091527
"FR29",18,0,0.560484081286224
"FR29",19,0,0.319107323023878
"FR29",20,0,0.352634313883848
"FR29",21,0,-0.504775375755344
"FR29",22,0,-0.78577554379028
"FR29",23,0,-0.753270084955094
"FR29",24,3,0.520646076361439
"FR29",25,0,-1.12492586776244
"FR29",26,1,0.0628055879412499
"FR29",27,1,0.283436767228542
"FR29",28,1,-0.0328909013419121
"FR29",29,1,-0.90506413633013
"FR29",30,0,-0.420965489394796
"FR29",31,0,0.394076320597098
"FR29",32,0,0.478837502145961
"FR29",33,1,0.249949018113163
"FR29",34,1,0.392948802989344
"FR29",35,2,0.569625542881833
"FR29",36,2,-0.633284074684599
"FR76",-36,0,-0.122471540430195
"FR76",-35,0,-0.273782261702303
"FR76",-34,0,-0.246324146869931
"FR76",-33,0,-0.0718497340766106
"FR76",-32,0,-0.213391579627737
"FR76",-31,0,-0.181645326558249
"FR76",-30,0,0.0380819997183154
"FR76",-29,0,-0.13290313259353
"FR76",-28,0,-0.140343364030131
"FR76",-27,0,0.0477758060143545
"FR76",-26,0,0.00774937634370754
"FR76",-25,0,-0.107735288112054
"FR76",-24,0,-0.212006190673881
"FR76",-23,0,0.107393579000346
"FR76",-22,0,0.00190718654032129
"FR76",-21,0,0.164804661293299
"FR76",-20,0,0.239316446075007
"FR76",-19,0,-0.0270840330773225
"FR76",-18,0,0.176332551384489
"FR76",-17,0,-0.00516908711829511
"FR76",-16,0,0.0776074679435864
"FR76",-15,0,0.334930197072235
"FR76",-14,1,0.442341317836672
"FR76",-13,0,0.00205010319820409
"FR76",-12,0,0.129658553573736
"FR76",-11,0,0.297646229897075
"FR76",-10,0,-0.098069313689741
"FR76",-9,0,0.128650792559858
"FR76",-8,0,0.162016627229108
"FR76",-7,0,0.231856779093187
"FR76",-6,0,0.0577076918973366
"FR76",-5,0,0.0388502779270202
"FR76",-4,0,0.00040857644995379
"FR76",-3,0,-0.222170145554593
"FR76",-2,0,0.367858923066761
"FR76",-1,0,0.0934474498371949
"FR76",0,0,0.151449024575449
"FR76",1,0,0.319570884006559
"FR76",2,0,0.644672310909273
"FR76",3,0,0.700521049268926
"FR76",4,0,1.33174170755335
"FR76",5,0,0.122148707527375
"FR76",6,0,0.580517685852052
"FR76",7,0,0.7253370481299
"FR76",8,0,0.282764364015888
"FR76",9,0,0.0476010071641453
"FR76",10,0,0.0375231107842143
"FR76",11,0,0.0873032187672523
"FR76",12,0,0.932311656212779
"FR76",13,0,0.954049149427399
"FR76",14,0,0.481368121002063
"FR76",15,0,0.875485743466247
"FR76",16,0,1.08286542793714
"FR76",17,0,0.554370498750307
"FR76",18,1,0.86784606440795
"FR76",19,0,0.485640316004865
"FR76",20,0,0.222187316253673
"FR76",21,0,0.547602236651955
"FR76",22,0,-0.0920724340242423
"FR76",23,0,0.0577766784225691
"FR76",24,0,-0.0335771116381134
"FR76",25,0,0.0402307413776595
"FR76",26,0,0.0263785227129034
"FR76",27,0,0.491246625142598
"FR76",28,0,-0.141443820103998
"FR76",29,0,1.09799168032942
"FR76",30,0,-0.0242417864359179
"FR76",31,0,-0.131566674884011
"FR76",32,0,0.46790048918078
"FR76",33,0,-0.166978400825867
"FR76",34,0,-0.158290909191713
"FR76",35,0,0.0265957974042418
"FR76",36,0,-0.139760398244012
"FR38",-36,0,1.00078571076549
"FR38",-35,1,0.876528617847013
"FR38",-34,0,0.478288025261816
"FR38",-33,0,0.263477498442317
"FR38",-32,0,0.344613590224226
"FR38",-31,0,0.445596501718141
"FR38",-30,0,0.148582211113651
"FR38",-29,2,0.238663472428906
"FR38",-28,1,0.722649923788552
"FR38",-27,0,0.55785199541957
"FR38",-26,0,0.508354157540032
"FR38",-25,0,1.15759893285018
"FR38",-24,3,1.11642506427912
"FR38",-23,0,0.496142322543379
"FR38",-22,2,1.29361162533144
"FR38",-21,0,1.37159833113908
"FR38",-20,0,0.509437971746813
"FR38",-19,0,1.38706574863842
"FR38",-18,0,0.83905673011773
"FR38",-17,1,1.02729562612686
"FR38",-16,2,1.08094952428778
"FR38",-15,3,1.6739617898163
"FR38",-14,0,1.06937626645956
"FR38",-13,1,1.33902546742783
"FR38",-12,2,1.26607330946882
"FR38",-11,2,1.21490663679111
"FR38",-10,1,1.12586250261051
"FR38",-9,4,1.2784500207979
"FR38",-8,0,1.19331104877694
"FR38",-7,0,0.500377953133571
"FR38",-6,2,0.445576511049959
"FR38",-5,2,0.634087523920029
"FR38",-4,0,0.304251216156286
"FR38",-3,0,0.566590746128757
"FR38",-2,0,0.523575425851923
"FR38",-1,1,0.66618111599251
"FR38",0,0,1.11456895985678
"FR38",1,3,1.6989768408572
"FR38",2,4,2.26779733697232
"FR38",3,1,2.59488991060448
"FR38",4,1,0.883418985134831
"FR38",5,2,1.49910022765612
"FR38",6,2,1.42758508490852
"FR38",7,2,1.2609333961523
"FR38",8,1,0.576581934670765
"FR38",9,0,0.56174654777376
"FR38",10,1,1.03300852482067
"FR38",11,1,1.18133274605992
"FR38",12,3,1.8967583784387
"FR38",13,2,1.54993809067319
"FR38",14,2,2.17453927535136
"FR38",15,2,1.48548514312381
"FR38",16,0,2.5039659361671
"FR38",17,2,1.63183388429927
"FR38",18,1,1.9033056371123
"FR38",19,1,1.34347313338209
"FR38",20,0,1.35808065480457
"FR38",21,1,1.00765843242908
"FR38",22,0,1.04681386576626
"FR38",23,1,1.03512313263264
"FR38",24,1,1.18807019636498
"FR38",25,0,0.808982531394417
"FR38",26,0,1.2022808776507
"FR38",27,0,0.494457152318284
"FR38",28,2,1.7359836549692
"FR38",29,0,0.845211628388233
"FR38",30,0,0.833589258728613
"FR38",31,1,0.82683411050407
"FR38",32,0,0.943241030502979
"FR38",33,1,0.603452503319635
"FR38",34,2,1.18422092099405
"FR38",35,1,0.726988474682811
"FR38",36,2,0.53581563477523
"FR89",-36,0,-0.266670841372913
"FR89",-35,0,-0.0395029686305329
"FR89",-34,0,0.0857779428796919
"FR89",-33,0,0.165794527368463
"FR89",-32,0,-0.07748288470854
"FR89",-31,0,0.0924546509491971
"FR89",-30,1,0.19827913051168
"FR89",-29,0,0.278249507001122
"FR89",-28,0,-0.0895813849480622
"FR89",-27,0,-0.229338532136709
"FR89",-26,0,-0.00570468894058429
"FR89",-25,0,0.0477459282143697
"FR89",-24,0,-0.267218327316263
"FR89",-23,0,0.0398914957524665
"FR89",-22,0,0.0944981934797795
"FR89",-21,0,0.210339437187007
"FR89",-20,0,0.0789768468716496
"FR89",-19,0,0.0674125330577967
"FR89",-18,0,0.173648434726225
"FR89",-17,0,0.100962512764483
"FR89",-16,0,-0.184754279841812
"FR89",-15,0,0.0506598328478929
"FR89",-14,1,0.347140141216008
"FR89",-13,0,0.00243316786537573
"FR89",-12,0,0.00445056956476853
"FR89",-11,0,0.0923850661955612
"FR89",-10,0,0.276266257670837
"FR89",-9,0,0.23088304286632
"FR89",-8,0,0.334529084066973
"FR89",-7,0,0.0931197042619015
"FR89",-6,0,0.1162097081776
"FR89",-5,0,-0.150294958934816
"FR89",-4,0,0.287974116272892
"FR89",-3,0,-0.00802668687649633
"FR89",-2,0,-0.151506278063329
"FR89",-1,0,0.175845651556627
"FR89",0,0,0.561945308973321
"FR89",1,0,0.436404714378235
"FR89",2,1,0.617222388988816
"FR89",3,0,0.243909617547383
"FR89",4,0,0.385485805355876
"FR89",5,0,0.603762288654167
"FR89",6,0,0.603828308830521
"FR89",7,0,0.167002087791228
"FR89",8,0,-0.0811239107162202
"FR89",9,0,-0.115928090396296
"FR89",10,0,-0.122681194583456
"FR89",11,1,0.0429016323709159
"FR89",12,0,-0.0509777149708144
"FR89",13,0,0.223641917205903
"FR89",14,1,0.419453331171792
"FR89",15,0,1.32691257164278
"FR89",16,0,0.602860171299029
"FR89",17,0,0.142406212225076
"FR89",18,0,0.328873629156513
"FR89",19,0,0.606541754133951
"FR89",20,0,0.322748247436218
"FR89",21,1,0.278661936636111
"FR89",22,0,0.0271455715066289
"FR89",23,0,-0.0913994068221931
"FR89",24,0,0.0569287780497164
"FR89",25,0,0.118699532355655
"FR89",26,0,-0.0305191610870212
"FR89",27,0,0.225894145025578
"FR89",28,0,0.229375961439738
"FR89",29,0,0.114325353005037
"FR89",30,0,0.3302008029906
"FR89",31,0,0.221412556439989
"FR89",32,0,-0.0257086548593751
"FR89",33,0,0.307602950606936
"FR89",34,0,0.162527017900547
"FR89",35,0,0.312749698723917
"FR89",36,0,0.493114973133814
"FR23",-36,0,0.0434250769125337
"FR23",-35,0,0.235006322970755
"FR23",-34,0,-0.0198884765222713
"FR23",-33,0,0.352590373784306
"FR23",-32,0,0.324378357856658
"FR23",-31,0,0.227691605095653
"FR23",-30,0,0.219898538104014
"FR23",-29,0,-0.118276416115919
"FR23",-28,0,-0.191117490620499
"FR23",-27,0,-0.27455471546996
"FR23",-26,0,0.140904288329978
"FR23",-25,0,-0.298065954875632
"FR23",-24,0,0.0117104621595625
"FR23",-23,0,-0.21941981894492
"FR23",-22,0,0.071673158054204
"FR23",-21,0,0.553633349607009
"FR23",-20,0,0.0176788412276974
"FR23",-19,0,-0.363705889280686
"FR23",-18,0,-0.247810117138656
"FR23",-17,0,0.0466207741944977
"FR23",-16,0,-0.0765906869575446
"FR23",-15,0,0.0358571747224126
"FR23",-14,0,-0.0156939874461828
"FR23",-13,0,-0.100022742199092
"FR23",-12,0,-0.0897085013492087
"FR23",-11,0,0.0257367274648894
"FR23",-10,0,-0.0501922411850955
"FR23",-9,0,0.224874994271179
"FR23",-8,0,-0.0527522354362655
"FR23",-7,0,-0.169127734253365
"FR23",-6,0,0.292021776716668
"FR23",-5,0,-0.124180389252904
"FR23",-4,0,-0.303976669859352
"FR23",-3,0,-0.167353862836784
"FR23",-2,0,0.0587361082723468
"FR23",-1,0,-0.0811859337998091
"FR23",0,0,0.00722065446335041
"FR23",1,0,-0.0933010643538923
"FR23",2,0,-0.307646128525176
"FR23",3,0,0.202703419843685
"FR23",4,0,0.21880898590572
"FR23",5,0,0.192822452116621
"FR23",6,0,-0.303464267219219
"FR23",7,0,-0.0214391277717105
"FR23",8,0,-0.103390701506932
"FR23",9,0,-0.292329432074147
"FR23",10,0,0.0780351637613901
"FR23",11,0,0.341392782295359
"FR23",12,0,-0.145533464550024
"FR23",13,0,-0.00862091810542687
"FR23",14,0,0.047644530119122
"FR23",15,0,0.292903194304342
"FR23",16,0,-0.0258804841912168
"FR23",17,0,0.0608719973486989
"FR23",18,0,-0.223596857529027
"FR23",19,0,-0.285321964860367
"FR23",20,0,-0.101452226455671
"FR23",21,0,0.158587534263809
"FR23",22,0,-0.0450431179528676
"FR23",23,1,0.140192959434886
"FR23",24,0,0.12048347639838
"FR23",25,0,-0.0659287825840682
"FR23",26,0,0.0343429110735887
"FR23",27,0,0.265354775494031
"FR23",28,0,0.00159637263839141
"FR23",29,0,0.714043343184307
"FR23",30,0,0.163439915154077
"FR23",31,0,0.201552103170985
"FR23",32,0,0.21249620358347
"FR23",33,0,0.189606331376159
"FR23",34,0,-0.250262533470266
"FR23",35,0,0.148043890171405
"FR23",36,0,0.12062026359688
"FR12",-36,1,1.09498101587947
"FR12",-35,1,2.10695072520246
"FR12",-34,3,3.49489027423387
"FR12",-33,1,2.41540291511336
"FR12",-32,4,1.91657745352713
"FR12",-31,2,1.96342667312787
"FR12",-30,1,1.95751593244506
"FR12",-29,1,2.6184837005873
"FR12",-28,4,2.08660775897009
"FR12",-27,0,2.61309690205526
"FR12",-26,3,2.37291452288644
"FR12",-25,0,2.80760971332451
"FR12",-24,9,3.39936847411447
"FR12",-23,2,2.13825494454125
"FR12",-22,3,2.46938633247852
"FR12",-21,2,2.26193914329999
"FR12",-20,3,1.56230285315001
"FR12",-19,2,2.3421199740017
"FR12",-18,1,2.31764915802473
"FR12",-17,0,1.42798067690185
"FR12",-16,2,2.02898047068817
"FR12",-15,2,1.81577860206117
"FR12",-14,1,1.74214793393703
"FR12",-13,1,0.823362207580123
"FR12",-12,1,1.31059618177367
"FR12",-11,4,2.03921424586915
"FR12",-10,0,1.46603488486432
"FR12",-9,3,0.578568916398086
"FR12",-8,2,1.05607858592775
"FR12",-7,1,1.42218157756003
"FR12",-6,0,1.21280034953803
"FR12",-5,2,1.01931025880191
"FR12",-4,2,1.54384242438437
"FR12",-3,0,0.952920061094611
"FR12",-2,2,1.62072415565624
"FR12",-1,1,2.74168945339339
"FR12",0,2,2.15035997151193
"FR12",1,2,2.14643629048696
"FR12",2,2,2.4788049582607
"FR12",3,3,1.1255291256781
"FR12",4,0,3.46709841845128
"FR12",5,1,2.05804389086149
"FR12",6,1,2.3857281320528
"FR12",7,0,2.20940041787091
"FR12",8,2,2.75712626958899
"FR12",9,1,2.52980917905854
"FR12",10,4,3.62153915297062
"FR12",11,2,5.61623609257161
"FR12",12,7,7.69155991551386
"FR12",13,8,10.8591517895508
"FR12",14,7,8.19542708076774
"FR12",15,0,1.37031193465874
"FR12",16,7,6.58146271640645
"FR12",17,4,3.88610285539375
"FR12",18,4,3.99023722401076
"FR12",19,3,3.55873190697956
"FR12",20,7,4.65808192440335
"FR12",21,2,5.93484977663446
"FR12",22,2,6.85767800918898
"FR12",23,4,6.47933671567786
"FR12",24,8,9.14875621155706
"FR12",25,10,8.2198652743099
"FR12",26,14,7.58453934106004
"FR12",27,4,5.70345616364735
"FR12",28,10,5.88684305138679
"FR12",29,8,8.00710754176729
"FR12",30,2,4.45523816543444
"FR12",31,4,3.44364134412997
"FR12",32,5,3.7728010935084
"FR12",33,2,3.52342997726639
"FR12",34,8,3.42488774759274
"FR12",35,2,4.9788246026902
"FR12",36,18,5.89946053348041
"FR13",-36,0,0.751277548865956
"FR13",-35,0,0.805650937173547
"FR13",-34,0,0.322755011076849
"FR13",-33,1,1.00951518225152
"FR13",-32,4,1.1245748608506
"FR13",-31,1,1.12810497126002
"FR13",-30,1,0.836853660339797
"FR13",-29,1,0.869938591566134
"FR13",-28,3,0.96179300876444
"FR13",-27,1,1.24783967643356
"FR13",-26,1,0.733046841295009
"FR13",-25,1,1.05801098082713
"FR13",-24,0,0.856203846578387
"FR13",-23,1,0.890389923183291
"FR13",-22,1,0.990645227832671
"FR13",-21,1,1.22620388489966
"FR13",-20,0,1.13903642862277
"FR13",-19,1,0.514609603662083
"FR13",-18,0,0.517769259355606
"FR13",-17,1,0.660417773925678
"FR13",-16,0,0.276895320453233
"FR13",-15,0,0.689578710880631
"FR13",-14,0,0.33579345549194
"FR13",-13,1,0.626958531451343
"FR13",-12,0,1.13243710039408
"FR13",-11,1,1.61591139449408
"FR13",-10,1,2.00802745635637
"FR13",-9,2,2.33017995547428
"FR13",-8,1,0.743125447986382
"FR13",-7,3,1.60351100230144
"FR13",-6,1,1.61943784441662
"FR13",-5,2,1.14919649470479
"FR13",-4,0,0.639259343230856
"FR13",-3,2,0.588395220038585
"FR13",-2,1,0.996655503560644
"FR13",-1,1,1.36176638815977
"FR13",0,1,1.87324080275728
"FR13",1,3,1.32351069646866
"FR13",2,1,2.2851461890554
"FR13",3,5,1.55988477023131
"FR13",4,4,2.38316894443917
"FR13",5,2,1.87266046357381
"FR13",6,1,1.9068040485219
"FR13",7,1,1.4326892985953
"FR13",8,4,1.50636268446794
"FR13",9,0,0.89888856445477
"FR13",10,4,0.983812439101555
"FR13",11,0,0.7989786413658
"FR13",12,10,0.896902230980896
"FR13",13,2,0.822929927240516
"FR13",14,3,1.15091776606611
"FR13",15,2,0.550741023022974
"FR13",16,3,1.85746598340425
"FR13",17,2,0.894378206927483
"FR13",18,1,0.888014663309087
"FR13",19,0,0.972437725085075
"FR13",20,2,0.954735790670738
"FR13",21,2,0.729495667100208
"FR13",22,1,1.14127485835517
"FR13",23,1,0.826620473860655
"FR13",24,1,1.1557046216296
"FR13",25,4,1.04288795324681
"FR13",26,0,1.35939216320946
"FR13",27,5,1.44596044483943
"FR13",28,2,0.925310391709754
"FR13",29,1,1.23349704697489
"FR13",30,1,1.09237792489367
"FR13",31,2,0.920034868343527
"FR13",32,2,1.18144906228861
"FR13",33,0,1.33675501375223
"FR13",34,2,1.56168766555537
"FR13",35,1,1.12251696786682
"FR13",36,3,1.59413329401694
"FR91",-36,1,0.820409261360636
"FR91",-35,1,1.30895440043609
"FR91",-34,0,0.739260565859658
"FR91",-33,2,0.864534250943287
"FR91",-32,3,0.619199120148243
"FR91",-31,1,0.610363404081146
"FR91",-30,0,0.474037592937322
"FR91",-29,2,0.225914875361181
"FR91",-28,1,0.616289125084925
"FR91",-27,1,1.17939267284304
"FR91",-26,2,1.03742861956422
"FR91",-25,0,0.970503073328896
"FR91",-24,0,0.654084723680596
"FR91",-23,1,0.589608928587514
"FR91",-22,0,0.64456432696609
"FR91",-21,0,1.15809267922171
"FR91",-20,0,0.462017610060857
"FR91",-19,0,0.531308080974509
"FR91",-18,1,0.42698116290463
"FR91",-17,0,0.0894151730096331
"FR91",-16,0,0.0527809290079473
"FR91",-15,0,0.230657428429204
"FR91",-14,0,0.243147806313091
"FR91",-13,0,0.425541006657856
"FR91",-12,0,0.0445659745069218
"FR91",-11,0,0.463508866374363
"FR91",-10,0,0.367294125072548
"FR91",-9,0,0.222667482202858
"FR91",-8,1,0.810398373532681
"FR91",-7,0,0.14639909968386
"FR91",-6,0,-0.144722086319271
"FR91",-5,0,0.171738804163613
"FR91",-4,1,0.443804424545641
"FR91",-3,0,0.221277314384658
"FR91",-2,0,0.278580804089817
"FR91",-1,0,1.11547286707342
"FR91",0,1,0.699604296050103
"FR91",1,2,1.07665631787379
"FR91",2,1,1.93287689911346
"FR91",3,1,1.03592800206044
"FR91",4,0,-0.121053410841226
"FR91",5,1,0.815653316014766
"FR91",6,0,0.341813652395916
"FR91",7,1,0.43855029702716
"FR91",8,1,0.379262579680748
"FR91",9,0,-0.247408787004673
"FR91",10,1,0.927218950583292
"FR91",11,2,1.45189328464568
"FR91",12,8,2.66265479082397
"FR91",13,4,3.11772142797601
"FR91",14,13,5.91775808440525
"FR91",15,12,4.36361416760027
"FR91",16,2,0.736116222259591
"FR91",17,3,1.41721951679976
"FR91",18,1,0.0551194249665512
"FR91",19,1,0.454454895732598
"FR91",20,2,0.715491608052218
"FR91",21,1,0.936369908377524
"FR91",22,1,1.48742812341868
"FR91",23,4,1.9360174824443
"FR91",24,1,2.85689246833746
"FR91",25,6,4.20224945869551
"FR91",26,14,7.36518509652414
"FR91",27,13,6.34858985820239
"FR91",28,6,3.01348430947907
"FR91",29,14,5.22424094595015
"FR92",-36,0,1.12172374685752
"FR92",-35,0,0.775510818743246
"FR92",-34,1,1.29432106930541
"FR92",-33,1,1.01362420304929
"FR92",-32,1,1.03345539171024
"FR92",-31,1,2.4331691918441
"FR92",-30,3,2.4874733526227
"FR92",-29,3,1.3344562808225
"FR92",-28,0,1.8832688514112
"FR92",-27,0,1.69599026467922
"FR92",-26,3,2.18892548798132
"FR92",-25,3,1.33084257829484
"FR92",-24,2,1.30141097021899
"FR92",-23,0,0.998065537004983
"FR92",-22,1,0.384448041587508
"FR92",-21,0,0.26613211335321
"FR92",-20,2,0.661357049016196
"FR92",-19,3,2.22243191684476
"FR92",-18,1,1.11946336037255
"FR92",-17,2,0.508213487195348
"FR92",-16,0,0.785427250795759
"FR92",-15,2,1.14315011872996
"FR92",-14,3,1.57727502945618
"FR92",-13,3,1.99770141300175
"FR92",-12,0,1.75008423944828
"FR92",-11,0,1.12556533417124
"FR92",-10,1,0.890574116650046
"FR92",-9,1,0.867153797092093
"FR92",-8,1,0.558674785742208
"FR92",-7,0,1.45267357363771
"FR92",-6,0,0.992528512687288
"FR92",-5,3,1.06498996052761
"FR92",-4,0,0.571788119593139
"FR92",-3,0,1.02458741444238
"FR92",-2,2,1.14354262110921
"FR92",-1,1,2.02230063848055
"FR92",0,0,2.04452787770408
"FR92",1,1,1.62619007033408
"FR92",2,2,1.79349672784291
"FR92",3,0,2.07636105159419
"FR92",4,1,0.641249772249567
"FR92",5,0,0.906085151148084
"FR92",6,1,1.50660569069544
"FR92",7,0,1.1251366002761
"FR92",8,0,1.82238413270934
"FR92",9,3,2.14629928866821
"FR92",10,0,1.37290970582648
"FR92",11,0,1.48335904635567
"FR92",12,0,2.77484686505642
"FR92",13,0,1.82589933317122
"FR92",14,1,2.3026474505945
"FR92",15,1,3.98766212139858
"FR92",16,0,2.28523073690555
"FR92",17,1,1.01685030020923
"FR92",18,0,2.42844331124957
"FR92",19,3,1.39718338730349
"FR92",20,4,1.85112392190663
"FR92",21,0,1.53975801587174
"FR92",22,0,0.806003564082836
"FR92",23,1,2.16870933888566
"FR92",24,0,2.56771477167578
"FR92",25,2,4.02473764103908
"FR92",26,1,4.19095009656481
"FR92",27,0,7.9380953861718
"FR92",28,0,7.48281290445608
"FR92",29,3,1.89013091676635
"FR92",30,2,3.55706785569795
"FR92",31,0,1.30863084965363
"FR92",32,0,2.13617098470661
"FR92",33,1,2.49679450563191
"FR92",34,0,2.75887240080425
"FR92",35,1,2.85514728767698
"FR92",36,1,5.82304095858639
